{"format_version":"1.12.0","minecraft:geometry":[{"bones":[{"name":"bodydragon","pivot":[0,9,0]},{"name":"bd","parent":"bodydragon","pivot":[0,14,22.04]},{"cubes":[{"origin":[-1.16,-1.04777,28.90756],"pivot":[0,-15.36,0],"rotation":[45,0,0],"size":[2.32,2.32,6.96],"uv":{"down":{"uv":[52,74],"uv_size":[2,-6]},"east":{"uv":[44,74],"uv_size":[6,2]},"north":{"uv":[50,74],"uv_size":[2,2]},"south":{"uv":[58,74],"uv_size":[2,2]},"up":{"uv":[50,68],"uv_size":[2,6]},"west":{"uv":[52,74],"uv_size":[6,2]}}},{"origin":[-1.16,-6.78948,33.00877],"pivot":[0,-15.36,0],"rotation":[45,0,0],"size":[2.32,2.32,6.96],"uv":{"down":{"uv":[52,74],"uv_size":[2,-6]},"east":{"uv":[44,74],"uv_size":[6,2]},"north":{"uv":[50,74],"uv_size":[2,2]},"south":{"uv":[58,74],"uv_size":[2,2]},"up":{"uv":[50,68],"uv_size":[2,6]},"west":{"uv":[52,74],"uv_size":[6,2]}}},{"origin":[-8.12,5.21229,2.23214],"pivot":[0,-29.28,-13.92],"rotation":[-5,0,0],"size":[16.24,13.92,16.24],"uv":{"down":{"uv":[214,108],"uv_size":[14,-14]},"east":{"uv":[186,108],"uv_size":[14,12]},"north":{"uv":[200,108],"uv_size":[14,12]},"south":{"uv":[228,108],"uv_size":[14,12]},"up":{"uv":[200,94],"uv_size":[14,14]},"west":{"uv":[214,108],"uv_size":[14,12]}}}],"name":"bda","parent":"bd","pivot":[0,14,22.04]},{"cubes":[{"origin":[-1.16,2.71369,24.46658],"pivot":[0,-15.36,-1.16],"rotation":[45,0,0],"size":[2.32,2.32,6.96],"uv":{"down":{"uv":[52,74],"uv_size":[2,-6]},"east":{"uv":[44,74],"uv_size":[6,2]},"north":{"uv":[50,74],"uv_size":[2,2]},"south":{"uv":[58,74],"uv_size":[2,2]},"up":{"uv":[50,68],"uv_size":[2,6]},"west":{"uv":[52,74],"uv_size":[6,2]}}},{"origin":[-1.16,6.81491,20.36537],"pivot":[0,-15.36,-1.16],"rotation":[45,0,0],"size":[2.32,2.32,6.96],"uv":{"down":{"uv":[52,74],"uv_size":[2,-6]},"east":{"uv":[44,74],"uv_size":[6,2]},"north":{"uv":[50,74],"uv_size":[2,2]},"south":{"uv":[58,74],"uv_size":[2,2]},"up":{"uv":[50,68],"uv_size":[2,6]},"west":{"uv":[52,74],"uv_size":[6,2]}}},{"origin":[-1.16,10.63282,16.44616],"pivot":[0,-15.36,-1.16],"rotation":[45,0,0],"size":[2.32,2.32,4.64],"uv":{"down":{"uv":[74,72],"uv_size":[2,-4]},"east":{"uv":[68,72],"uv_size":[4,2]},"north":{"uv":[72,72],"uv_size":[2,2]},"south":{"uv":[78,72],"uv_size":[2,2]},"up":{"uv":[72,68],"uv_size":[2,4]},"west":{"uv":[74,72],"uv_size":[4,2]}}},{"origin":[-6.96,1.15666,-9.26675],"size":[13.92,16.24,16.24],"uv":{"down":{"uv":[160,108],"uv_size":[12,-14]},"east":{"uv":[134,108],"uv_size":[14,14]},"north":{"uv":[148,108],"uv_size":[12,14]},"south":{"uv":[174,108],"uv_size":[12,14]},"up":{"uv":[148,94],"uv_size":[12,14]},"west":{"uv":[160,108],"uv_size":[14,14]}}}],"name":"bdb","parent":"bda","pivot":[0,15.16,5.8],"rotation":[5,0,0]},{"name":"neck","parent":"bdb","pivot":[0,13.60302,-7.16384],"rotation":[4.92442,0.86717,-9.96271]},{"cubes":[{"origin":[-1.16,13.54284,15.72722],"pivot":[0,-20.05251,-1.05869],"rotation":[45,0,0],"size":[2.32,2.32,4.64],"uv":{"down":{"uv":[74,72],"uv_size":[2,-4]},"east":{"uv":[68,72],"uv_size":[4,2]},"north":{"uv":[72,72],"uv_size":[2,2]},"south":{"uv":[78,72],"uv_size":[2,2]},"up":{"uv":[72,68],"uv_size":[2,4]},"west":{"uv":[74,72],"uv_size":[4,2]}}},{"origin":[-5.8,3.26698,-16.44384],"size":[11.6,13.92,9.28],"uv":{"down":{"uv":[128,94],"uv_size":[10,-8]},"east":{"uv":[110,94],"uv_size":[8,12]},"north":{"uv":[118,94],"uv_size":[10,12]},"south":{"uv":[136,94],"uv_size":[10,12]},"up":{"uv":[118,86],"uv_size":[10,8]},"west":{"uv":[128,94],"uv_size":[8,12]}}}],"name":"neck1","parent":"neck","pivot":[0,13.60302,-7.16384]},{"cubes":[{"origin":[-2.16,13.5355,8.5405],"pivot":[-1,-21.41394,-5.71631],"rotation":[45,0,0],"size":[2.32,2.32,4.64],"uv":{"down":{"uv":[74,72],"uv_size":[2,-4]},"east":{"uv":[68,72],"uv_size":[4,2]},"north":{"uv":[72,72],"uv_size":[2,2]},"south":{"uv":[78,72],"uv_size":[2,2]},"up":{"uv":[72,68],"uv_size":[2,4]},"west":{"uv":[74,72],"uv_size":[4,2]}}},{"origin":[-2.16,17.87692,3.61905],"pivot":[-1,-21.41394,-5.71631],"rotation":[45,0,0],"size":[2.32,2.32,4.64],"uv":{"down":{"uv":[74,72],"uv_size":[2,-4]},"east":{"uv":[68,72],"uv_size":[4,2]},"north":{"uv":[72,72],"uv_size":[2,2]},"south":{"uv":[78,72],"uv_size":[2,2]},"up":{"uv":[72,68],"uv_size":[2,4]},"west":{"uv":[74,72],"uv_size":[4,2]}}},{"origin":[-5.64,3.7046,-27.09196],"pivot":[-1,-31.0384,-19.94146],"rotation":[5,0,0],"size":[9.28,11.6,16.24],"uv":{"down":{"uv":[68,92],"uv_size":[8,-14]},"east":{"uv":[46,92],"uv_size":[14,10]},"north":{"uv":[60,92],"uv_size":[8,10]},"south":{"uv":[82,92],"uv_size":[8,10]},"up":{"uv":[60,78],"uv_size":[8,14]},"west":{"uv":[68,92],"uv_size":[14,10]}}}],"name":"neck2","parent":"neck1","pivot":[-1,14.5616,-14.14146],"rotation":[-4.83045,-1.29256,-14.94548]},{"cubes":[{"origin":[-5.48,4.76194,-43.77623],"pivot":[-2,-32.29508,-18.88697],"rotation":[5,0,0],"size":[6.96,9.28,18.56],"uv":{"down":{"uv":[70,142],"uv_size":[6,-16]},"east":{"uv":[48,142],"uv_size":[16,8]},"north":{"uv":[64,142],"uv_size":[6,8]},"south":{"uv":[86,142],"uv_size":[6,8]},"up":{"uv":[64,126],"uv_size":[6,16]},"west":{"uv":[70,142],"uv_size":[16,8]}}},{"origin":[-3.16,21.54402,-2.17628],"pivot":[-2,-22.67062,-4.66182],"rotation":[45,0,0],"size":[2.32,2.32,4.64],"uv":{"down":{"uv":[74,72],"uv_size":[2,-4]},"east":{"uv":[68,72],"uv_size":[4,2]},"north":{"uv":[72,72],"uv_size":[2,2]},"south":{"uv":[78,72],"uv_size":[2,2]},"up":{"uv":[72,68],"uv_size":[2,4]},"west":{"uv":[74,72],"uv_size":[4,2]}}},{"origin":[-3.16,26.46548,-7.09774],"pivot":[-2,-22.67062,-4.66182],"rotation":[45,0,0],"size":[2.32,2.32,4.64],"uv":{"down":{"uv":[74,72],"uv_size":[2,-4]},"east":{"uv":[68,72],"uv_size":[4,2]},"north":{"uv":[72,72],"uv_size":[2,2]},"south":{"uv":[78,72],"uv_size":[2,2]},"up":{"uv":[72,68],"uv_size":[2,4]},"west":{"uv":[74,72],"uv_size":[4,2]}}}],"name":"neck3","parent":"neck2","pivot":[-2,12.14492,-28.16697],"rotation":[0.16955,-1.29256,-14.94548]},{"name":"head","parent":"neck3","pivot":[-2,12.44079,-44.20755],"rotation":[17.49524,9.84655,-28.48124]},{"cubes":[{"origin":[10.10697,25.92321,-17.3941],"pivot":[-4,-20.58377,-5.56616],"rotation":[40,20,5],"size":[2.32,4.64,9.28],"uv":{"down":{"uv":[128,76],"uv_size":[2,-8]},"east":{"uv":[118,76],"uv_size":[8,4]},"north":{"uv":[126,76],"uv_size":[2,4]},"south":{"uv":[136,76],"uv_size":[2,4]},"up":{"uv":[126,68],"uv_size":[2,8]},"west":{"uv":[128,76],"uv_size":[8,4]}}},{"origin":[8.24206,10.95795,-40.61298],"pivot":[-4,-20.58377,-5.56616],"rotation":[10,20,10],"size":[2.32,2.32,9.28],"uv":{"down":{"uv":[82,64],"uv_size":[2,-8]},"east":{"uv":[72,64],"uv_size":[8,2]},"north":{"uv":[80,64],"uv_size":[2,2]},"south":{"uv":[90,64],"uv_size":[2,2]},"up":{"uv":[80,56],"uv_size":[2,8]},"west":{"uv":[82,64],"uv_size":[8,2]}}},{"origin":[-20.42697,25.87815,-17.67154],"pivot":[-4,-20.58377,-5.56616],"rotation":[40,-20,-5],"size":[2.32,4.64,9.28],"uv":{"down":{"uv":[128,76],"uv_size":[2,-8]},"east":{"uv":[118,76],"uv_size":[8,4]},"north":{"uv":[126,76],"uv_size":[2,4]},"south":{"uv":[136,76],"uv_size":[2,4]},"up":{"uv":[126,68],"uv_size":[2,8]},"west":{"uv":[128,76],"uv_size":[8,4]}}},{"origin":[22.95562,11.57004,-46.757],"pivot":[14.56,42.24079,3.35245],"rotation":[10,20,10],"size":[2.32,2.32,4.64],"uv":{"down":{"uv":[275,26],"uv_size":[2,-4]},"east":{"uv":[269,26],"uv_size":[4,2]},"north":{"uv":[273,26],"uv_size":[2,2]},"south":{"uv":[279,26],"uv_size":[2,2]},"up":{"uv":[273,22],"uv_size":[2,4]},"west":{"uv":[275,26],"uv_size":[4,2]}}},{"origin":[-31.84023,14.02216,-40.09559],"pivot":[-4,42.24079,3.35245],"rotation":[10,-20,-10],"size":[2.32,2.32,4.64],"uv":{"down":{"uv":[275,26],"uv_size":[2,-4]},"east":{"uv":[269,26],"uv_size":[4,2]},"north":{"uv":[273,26],"uv_size":[2,2]},"south":{"uv":[279,26],"uv_size":[2,2]},"up":{"uv":[273,22],"uv_size":[2,4]},"west":{"uv":[275,26],"uv_size":[4,2]}}},{"origin":[-11.8927,15.17439,-43.63401],"pivot":[-10,17.41623,-40.56616],"rotation":[25,-20,-5],"size":[2.32,2.32,6.96],"uv":{"down":{"uv":[100,78],"uv_size":[2,-6]},"east":{"uv":[92,78],"uv_size":[6,2]},"north":{"uv":[98,78],"uv_size":[2,2]},"south":{"uv":[106,78],"uv_size":[2,2]},"up":{"uv":[98,72],"uv_size":[2,6]},"west":{"uv":[100,78],"uv_size":[6,2]}}},{"origin":[-20.36792,26.12875,-3.46121],"pivot":[-4,-20.58377,-5.56616],"rotation":[40,-20,-5],"size":[2.32,2.32,6.96],"uv":{"down":{"uv":[100,78],"uv_size":[2,-6]},"east":{"uv":[92,78],"uv_size":[6,2]},"north":{"uv":[98,78],"uv_size":[2,2]},"south":{"uv":[106,78],"uv_size":[2,2]},"up":{"uv":[98,72],"uv_size":[2,6]},"west":{"uv":[100,78],"uv_size":[6,2]}}},{"origin":[-18.52192,11.3189,-40.6624],"pivot":[-4,-20.58377,-5.56616],"rotation":[10,-20,-10],"size":[2.32,2.32,9.28],"uv":{"down":{"uv":[82,64],"uv_size":[2,-8]},"east":{"uv":[72,64],"uv_size":[8,2]},"north":{"uv":[80,64],"uv_size":[2,2]},"south":{"uv":[90,64],"uv_size":[2,2]},"up":{"uv":[80,56],"uv_size":[2,8]},"west":{"uv":[82,64],"uv_size":[8,2]}}},{"origin":[1.66922,15.43436,-43.951],"pivot":[2,18.41623,-40.56616],"rotation":[25,20,5],"size":[2.32,2.32,6.96],"uv":{"down":{"uv":[100,78],"uv_size":[2,-6]},"east":{"uv":[92,78],"uv_size":[6,2]},"north":{"uv":[98,78],"uv_size":[2,2]},"south":{"uv":[106,78],"uv_size":[2,2]},"up":{"uv":[98,72],"uv_size":[2,6]},"west":{"uv":[100,78],"uv_size":[6,2]}}},{"origin":[10.06254,26.17101,-3.16069],"pivot":[-4,-20.58377,-5.56616],"rotation":[40,20,5],"size":[2.32,2.32,6.96],"uv":{"down":{"uv":[100,78],"uv_size":[2,-6]},"east":{"uv":[92,78],"uv_size":[6,2]},"north":{"uv":[98,78],"uv_size":[2,2]},"south":{"uv":[106,78],"uv_size":[2,2]},"up":{"uv":[98,72],"uv_size":[2,6]},"west":{"uv":[100,78],"uv_size":[6,2]}}}],"name":"heads","parent":"head","pivot":[-4,12.25623,-45.00616],"rotation":[-10,0,0]},{"cubes":[{"origin":[-8.8,11.26058,-38.98543],"pivot":[-4,-32.18377,-19.48616],"rotation":[20,0,0],"size":[9.6,8.12,9.28],"uv":{"down":{"uv":[216,107],"uv_size":[10,-8]},"east":{"uv":[12,116],"uv_size":[8,7]},"north":{"uv":[20,116],"uv_size":[10,7]},"south":{"uv":[38,116],"uv_size":[10,7]},"up":{"uv":[150,97],"uv_size":[10,8]},"west":{"uv":[30,116],"uv_size":[8,7]}}}],"name":"head1","parent":"heads","pivot":[-4,12.25623,-46.16616]},{"cubes":[{"origin":[-7.64,12.57602,-50.00543],"pivot":[-4,-32.18377,-19.48616],"rotation":[20,0,0],"size":[7.28,6.96,11.6],"uv":{"down":{"uv":[30,98],"uv_size":[8,-10]},"east":{"uv":[12,98],"uv_size":[10,6]},"north":{"uv":[22,98],"uv_size":[8,6]},"south":{"uv":[40,98],"uv_size":[8,6]},"up":{"uv":[150,99],"uv_size":[8,10]},"west":{"uv":[30,98],"uv_size":[10,6]}}},{"inflate":0.2,"origin":[-7.672,-0.76037,-63.252],"pivot":[-4,2.25293,-53.63874],"rotation":[-20,0,-180],"size":[7.344,2.384,10.504],"uv":{"down":{"uv":[21,42],"uv_size":[8,-9]},"east":{"uv":[4,42],"uv_size":[9,2]},"north":{"uv":[13,42],"uv_size":[8,2]},"south":{"uv":[30,42],"uv_size":[8,2]},"up":{"uv":[248,147],"uv_size":[8,9]},"west":{"uv":[21,42],"uv_size":[9,2]}}}],"name":"umouth","parent":"heads","pivot":[-4,8.77623,-54.28616]},{"cubes":[{"inflate":-0.06,"origin":[-7.6304,1.5582,-64.31025],"pivot":[-4,9.15116,-53.5796],"rotation":[20,0,0],"size":[7.2608,2.3008,11.5808],"uv":{"down":{"uv":[86,122],"uv_size":[-1,-10]},"east":{"uv":[68,122],"uv_size":[10,2]},"north":{"uv":[78,122],"uv_size":[8,2]},"south":{"uv":[96,122],"uv_size":[8,2]},"up":{"uv":[78,112],"uv_size":[8,10]},"west":{"uv":[86,122],"uv_size":[10,2]}}},{"inflate":0.2,"origin":[-7.672,12.23963,-64.252],"pivot":[-4,9.25293,-54.63874],"rotation":[-20,0,-180],"size":[7.344,2.384,10.504],"uv":{"down":{"uv":[21,42],"uv_size":[8,-9]},"east":{"uv":[4,42],"uv_size":[9,2]},"north":{"uv":[13,42],"uv_size":[8,2]},"south":{"uv":[30,42],"uv_size":[8,2]},"up":{"uv":[248,147],"uv_size":[8,9]},"west":{"uv":[21,42],"uv_size":[9,2]}}}],"name":"lmouth","parent":"heads","pivot":[-4,2.45623,-51.12616],"rotation":[45,0,0]},{"name":"right_wing","parent":"bodydragon","pivot":[-4.64,16.32,0],"rotation":[2.25125,-9.75822,-10.27935]},{"cubes":[{"origin":[-37.5723,12.9323,0],"pivot":[0,-14.2,0],"rotation":[0,5,0],"size":[30.16,0,22.04],"uv":{"down":{"uv":[338,214],"uv_size":[-26,-19]},"east":{"uv":[267,231],"uv_size":[19,0]},"north":{"uv":[286,231],"uv_size":[26,0]},"south":{"uv":[331,231],"uv_size":[26,0]},"up":{"uv":[286,212],"uv_size":[26,19]},"west":{"uv":[312,231],"uv_size":[19,0]}}},{"origin":[-30.16,-51.32,-8.12],"pivot":[0,-14.2,0],"rotation":[5,0,90],"size":[4.64,31.32,9.28],"uv":{"down":{"uv":[352,70],"uv_size":[4,-8]},"east":{"uv":[340,70],"uv_size":[8,27]},"north":{"uv":[348,70],"uv_size":[4,27]},"south":{"uv":[360,70],"uv_size":[4,27]},"up":{"uv":[348,62],"uv_size":[4,8]},"west":{"uv":[352,70],"uv_size":[8,27]}}}],"name":"rightwing1","parent":"right_wing","pivot":[-4.64,16.32,0]},{"cubes":[{"origin":[-83.02004,11.35306,-38.62823],"pivot":[-72.94393,13.29629,-37.52414],"rotation":[0,-55,0],"size":[4.64,4.64,2.32],"uv":{"down":{"uv":[262,106],"uv_size":[4,-2]},"east":{"uv":[256,106],"uv_size":[2,4]},"north":{"uv":[258,106],"uv_size":[4,4]},"south":{"uv":[264,106],"uv_size":[4,4]},"up":{"uv":[258,104],"uv_size":[4,2]},"west":{"uv":[262,106],"uv_size":[2,4]}}},{"origin":[-78.8938,11.3599,-39.55827],"pivot":[-74.10396,13.29627,-37.52419],"rotation":[0,-55,0],"size":[4.64,4.64,2.32],"uv":{"down":{"uv":[262,90],"uv_size":[4,-2]},"east":{"uv":[256,90],"uv_size":[2,4]},"north":{"uv":[258,90],"uv_size":[4,4]},"south":{"uv":[264,90],"uv_size":[4,4]},"up":{"uv":[258,88],"uv_size":[4,2]},"west":{"uv":[262,90],"uv_size":[2,4]}}},{"origin":[-30.16,-94.20931,24.00665],"pivot":[0,-14.2,0],"rotation":[-45,0,90],"size":[4.64,58,6.96],"uv":{"down":{"uv":[388,55],"uv_size":[4,-6]},"east":{"uv":[378,55],"uv_size":[6,50]},"north":{"uv":[384,55],"uv_size":[4,50]},"south":{"uv":[394,55],"uv_size":[4,50]},"up":{"uv":[384,49],"uv_size":[4,6]},"west":{"uv":[388,55],"uv_size":[6,50]}}}],"name":"rightwing2","parent":"rightwing1","pivot":[-36.98307,16.71672,1.09183],"rotation":[0,-5,0]},{"cubes":[{"origin":[25.16977,13.64,10.11831],"pivot":[0,-14.2,0],"rotation":[0,-130,0],"size":[34.8,0,54.52],"uv":{"down":{"uv":[243,233],"uv_size":[30,-47]},"east":{"uv":[166,233],"uv_size":[47,0]},"north":{"uv":[213,233],"uv_size":[30,0]},"south":{"uv":[290,233],"uv_size":[30,0]},"up":{"uv":[243,186],"uv_size":[-30,47]},"west":{"uv":[243,233],"uv_size":[47,0]}}},{"origin":[-29,-14.07264,-59.7335],"pivot":[0,-14.2,0],"rotation":[105,0,90],"size":[2.32,41.76,4.64],"uv":{"down":{"uv":[296,50],"uv_size":[2,-4]},"east":{"uv":[290,50],"uv_size":[4,36]},"north":{"uv":[294,50],"uv_size":[2,36]},"south":{"uv":[300,50],"uv_size":[2,36]},"up":{"uv":[294,46],"uv_size":[2,4]},"west":{"uv":[296,50],"uv_size":[4,36]}}},{"origin":[-29,-33.64531,-59.27483],"pivot":[0,-14.2,0],"rotation":[110,0,90],"size":[2.32,34.8,4.64],"uv":{"down":{"uv":[296,50],"uv_size":[2,-4]},"east":{"uv":[290,50],"uv_size":[4,30]},"north":{"uv":[294,50],"uv_size":[2,30]},"south":{"uv":[300,50],"uv_size":[2,30]},"up":{"uv":[294,46],"uv_size":[2,4]},"west":{"uv":[296,50],"uv_size":[4,30]}}}],"name":"rigtwing3","parent":"rightwing2","pivot":[-74.24,16.32,-34.8]},{"cubes":[{"origin":[-29,-69.30143,-84.48542],"pivot":[0,-14.2,0],"rotation":[80,0,90],"size":[2.32,34.8,4.64],"uv":{"down":{"uv":[296,50],"uv_size":[2,-4]},"east":{"uv":[290,50],"uv_size":[4,30]},"north":{"uv":[294,50],"uv_size":[2,30]},"south":{"uv":[300,50],"uv_size":[2,30]},"up":{"uv":[294,46],"uv_size":[2,4]},"west":{"uv":[296,50],"uv_size":[4,30]}}},{"origin":[57.11772,13.64,-21.84837],"pivot":[0,-14.2,0],"rotation":[0,-165,0],"size":[41.76,0,74.24],"uv":{"down":{"uv":[143,249],"uv_size":[36,-64]},"east":{"uv":[43,249],"uv_size":[64,0]},"north":{"uv":[107,249],"uv_size":[36,0]},"south":{"uv":[207,249],"uv_size":[36,0]},"up":{"uv":[143,185],"uv_size":[-36,64]},"west":{"uv":[143,249],"uv_size":[64,0]}}},{"origin":[-29,-53.17192,-78.86055],"pivot":[0,-14.2,0],"rotation":[70,0,90],"size":[2.32,41.76,4.64],"uv":{"down":{"uv":[296,50],"uv_size":[2,-4]},"east":{"uv":[290,50],"uv_size":[4,36]},"north":{"uv":[294,50],"uv_size":[2,36]},"south":{"uv":[300,50],"uv_size":[2,36]},"up":{"uv":[294,46],"uv_size":[2,4]},"west":{"uv":[296,50],"uv_size":[4,36]}}}],"name":"rightwing4","parent":"rigtwing3","pivot":[-75.4,16.32,-33.64]},{"cubes":[{"origin":[-29,-124.51612,-76.57931],"pivot":[0,-14.2,0],"rotation":[40,0,90],"size":[2.32,38.28,4.64],"uv":{"down":{"uv":[296,49],"uv_size":[2,-4]},"east":{"uv":[290,49],"uv_size":[4,33]},"north":{"uv":[294,49],"uv_size":[2,33]},"south":{"uv":[300,49],"uv_size":[2,33]},"up":{"uv":[294,45],"uv_size":[2,4]},"west":{"uv":[296,49],"uv_size":[4,33]}}},{"origin":[-29,-97.6544,-69.83243],"pivot":[0,-14.2,0],"rotation":[35,0,90],"size":[2.32,41.76,4.64],"uv":{"down":{"uv":[296,50],"uv_size":[2,-4]},"east":{"uv":[290,50],"uv_size":[4,36]},"north":{"uv":[294,50],"uv_size":[2,36]},"south":{"uv":[300,50],"uv_size":[2,36]},"up":{"uv":[294,46],"uv_size":[2,4]},"west":{"uv":[296,50],"uv_size":[4,36]}}},{"origin":[75.79839,13.64,-63.76694],"pivot":[0,-14.2,0],"rotation":[0,160,0],"size":[41.76,0,74.24],"uv":{"down":{"uv":[145,251],"uv_size":[36,-64]},"east":{"uv":[45,251],"uv_size":[64,0]},"north":{"uv":[109,251],"uv_size":[36,0]},"south":{"uv":[209,251],"uv_size":[36,0]},"up":{"uv":[145,187],"uv_size":[-36,64]},"west":{"uv":[145,251],"uv_size":[64,0]}}}],"name":"rightwing5","parent":"rightwing4","pivot":[-71.92,17.48,-32.48]},{"cubes":[{"origin":[-29,-129.3495,-37.51412],"pivot":[0,-14.2,0],"rotation":[0,0,90],"size":[2.32,41.76,4.64],"uv":{"down":{"uv":[296,50],"uv_size":[2,-4]},"east":{"uv":[290,50],"uv_size":[4,36]},"north":{"uv":[294,50],"uv_size":[2,36]},"south":{"uv":[300,50],"uv_size":[2,36]},"up":{"uv":[294,46],"uv_size":[2,4]},"west":{"uv":[296,50],"uv_size":[4,36]}}},{"origin":[-29,-157.69299,-47.38803],"pivot":[0,-14.2,0],"rotation":[5,0,90],"size":[2.32,39.44,4.64],"uv":{"down":{"uv":[296,50],"uv_size":[2,-4]},"east":{"uv":[290,50],"uv_size":[4,34]},"north":{"uv":[294,50],"uv_size":[2,34]},"south":{"uv":[300,50],"uv_size":[2,34]},"up":{"uv":[294,46],"uv_size":[2,4]},"west":{"uv":[296,50],"uv_size":[4,34]}}},{"origin":[67.53722,13.64,-110.61833],"pivot":[0,-14.2,0],"rotation":[0,125,0],"size":[41.76,0,74.24],"uv":{"down":{"uv":[150,250],"uv_size":[36,-64]},"east":{"uv":[50,250],"uv_size":[64,0]},"north":{"uv":[114,250],"uv_size":[36,0]},"south":{"uv":[214,250],"uv_size":[36,0]},"up":{"uv":[145,186],"uv_size":[-36,64]},"west":{"uv":[150,250],"uv_size":[64,0]}}}],"name":"rightwing6","parent":"rightwing5","pivot":[-73.08,17.48,-34.8]},{"name":"left_wing","parent":"bodydragon","pivot":[3.48,16.32,0],"rotation":[-0.37806,-5.01067,10.03837]},{"cubes":[{"origin":[7.19226,12.9323,-0.73704],"pivot":[0,-14.2,0],"rotation":[0,-5,0],"size":[30.16,0,22.04],"uv":{"down":{"uv":[338,212],"uv_size":[26,-19]},"east":{"uv":[293,212],"uv_size":[19,0]},"north":{"uv":[312,212],"uv_size":[26,0]},"south":{"uv":[357,212],"uv_size":[26,0]},"up":{"uv":[312,193],"uv_size":[26,19]},"west":{"uv":[338,212],"uv_size":[19,0]}}},{"origin":[-30.16,-8.4,-8.12],"pivot":[0,-14.2,0],"rotation":[-5,0,90],"size":[4.64,31.32,9.28],"uv":{"down":{"uv":[352,70],"uv_size":[4,-8]},"east":{"uv":[340,70],"uv_size":[8,27]},"north":{"uv":[348,70],"uv_size":[4,27]},"south":{"uv":[360,70],"uv_size":[4,27]},"up":{"uv":[348,62],"uv_size":[4,8]},"west":{"uv":[352,70],"uv_size":[8,27]}}}],"name":"leftwing1","parent":"left_wing","pivot":[4.64,16.32,0]},{"cubes":[{"origin":[66.67477,11.31983,-38.01833],"pivot":[73.0578,12.85717,-36.86625],"rotation":[0,-125,0],"size":[4.64,4.64,2.32],"uv":{"down":{"uv":[262,90],"uv_size":[4,-2]},"east":{"uv":[256,90],"uv_size":[2,4]},"north":{"uv":[258,90],"uv_size":[4,4]},"south":{"uv":[264,90],"uv_size":[4,4]},"up":{"uv":[258,88],"uv_size":[4,2]},"west":{"uv":[262,90],"uv_size":[2,4]}}},{"origin":[-30.16,7.87144,23.78906],"pivot":[0,-14.2,0],"rotation":[45,0,90],"size":[4.64,58,6.96],"uv":{"down":{"uv":[388,54],"uv_size":[4,-6]},"east":{"uv":[378,54],"uv_size":[6,50]},"north":{"uv":[384,54],"uv_size":[4,50]},"south":{"uv":[394,54],"uv_size":[4,50]},"up":{"uv":[384,48],"uv_size":[4,6]},"west":{"uv":[388,54],"uv_size":[6,50]}}},{"origin":[62.05737,11.30776,-38.03222],"pivot":[73.05692,14.01713,-36.85617],"rotation":[0,-125,0],"size":[4.64,4.64,2.32],"uv":{"down":{"uv":[262,106],"uv_size":[4,-2]},"east":{"uv":[256,106],"uv_size":[2,4]},"north":{"uv":[258,106],"uv_size":[4,4]},"south":{"uv":[264,106],"uv_size":[4,4]},"up":{"uv":[258,104],"uv_size":[4,2]},"west":{"uv":[262,106],"uv_size":[2,4]}}}],"name":"leftwing2","parent":"leftwing1","pivot":[37.12,16.32,1.16],"rotation":[0,5,0]},{"cubes":[{"origin":[-29,-29.14041,-59.76608],"pivot":[0,-14.2,0],"rotation":[-110,0,90],"size":[2.32,34.8,4.64],"uv":{"down":{"uv":[296,50],"uv_size":[2,-4]},"east":{"uv":[290,50],"uv_size":[4,30]},"north":{"uv":[294,50],"uv_size":[2,30]},"south":{"uv":[300,50],"uv_size":[2,30]},"up":{"uv":[294,46],"uv_size":[2,4]},"west":{"uv":[296,50],"uv_size":[4,30]}}},{"origin":[-28.33465,-57.40277,-60.90227],"pivot":[0,-14.2,0],"rotation":[-105,0,90],"size":[2.32,41.76,4.64],"uv":{"down":{"uv":[388,58],"uv_size":[2,-4]},"east":{"uv":[382,58],"uv_size":[4,36]},"north":{"uv":[386,58],"uv_size":[2,36]},"south":{"uv":[392,58],"uv_size":[2,36]},"up":{"uv":[386,54],"uv_size":[2,4]},"west":{"uv":[388,58],"uv_size":[4,36]}}},{"origin":[-60.23303,13.64,10.45887],"pivot":[0,-14.2,0],"rotation":[0,130,0],"size":[34.8,0,54.52],"uv":{"down":{"uv":[243,234],"uv_size":[30,-47]},"east":{"uv":[166,234],"uv_size":[47,0]},"north":{"uv":[213,234],"uv_size":[30,0]},"south":{"uv":[290,234],"uv_size":[30,0]},"up":{"uv":[213,187],"uv_size":[30,47]},"west":{"uv":[243,234],"uv_size":[47,0]}}}],"name":"leftwing3","parent":"leftwing2","pivot":[69.6,17.48,-32.48]},{"cubes":[{"origin":[-29,-19.79678,-82.53286],"pivot":[0,-14.2,0],"rotation":[-70,0,90],"size":[2.32,41.76,4.64],"uv":{"down":{"uv":[388,59],"uv_size":[2,-4]},"east":{"uv":[382,59],"uv_size":[4,36]},"north":{"uv":[386,59],"uv_size":[2,36]},"south":{"uv":[392,59],"uv_size":[2,36]},"up":{"uv":[386,55],"uv_size":[2,4]},"west":{"uv":[388,59],"uv_size":[4,36]}}},{"origin":[-29.66535,4.67982,-87.43465],"pivot":[0,-14.2,0],"rotation":[-80,0,90],"size":[2.32,34.8,4.64],"uv":{"down":{"uv":[296,50],"uv_size":[2,-4]},"east":{"uv":[290,50],"uv_size":[4,30]},"north":{"uv":[294,50],"uv_size":[2,30]},"south":{"uv":[300,50],"uv_size":[2,30]},"up":{"uv":[294,46],"uv_size":[2,4]},"west":{"uv":[296,50],"uv_size":[4,30]}}},{"origin":[-99.41761,13.64,-20.96593],"pivot":[0,-14.2,0],"rotation":[0,165,0],"size":[41.76,0,74.24],"uv":{"down":{"uv":[110,249],"uv_size":[36,-64]},"east":{"uv":[10,249],"uv_size":[64,0]},"north":{"uv":[74,249],"uv_size":[36,0]},"south":{"uv":[174,249],"uv_size":[36,0]},"up":{"uv":[74,185],"uv_size":[36,64]},"west":{"uv":[110,249],"uv_size":[64,0]}}}],"name":"leftwing4","parent":"leftwing3","pivot":[69.6,17.48,-31.32]},{"cubes":[{"origin":[-29.66535,57.44202,-80.70011],"pivot":[0,-14.2,0],"rotation":[-40,0,90],"size":[2.32,38.28,4.64],"uv":{"down":{"uv":[296,51],"uv_size":[2,-4]},"east":{"uv":[290,51],"uv_size":[4,33]},"north":{"uv":[294,51],"uv_size":[2,33]},"south":{"uv":[300,51],"uv_size":[2,33]},"up":{"uv":[294,47],"uv_size":[2,4]},"west":{"uv":[296,51],"uv_size":[4,33]}}},{"origin":[-119.97591,13.64,-63.58915],"pivot":[0,-14.2,0],"rotation":[0,-160,0],"size":[41.76,0,74.24],"uv":{"down":{"uv":[146,251],"uv_size":[36,-64]},"east":{"uv":[46,251],"uv_size":[64,0]},"north":{"uv":[110,251],"uv_size":[36,0]},"south":{"uv":[210,251],"uv_size":[36,0]},"up":{"uv":[110,187],"uv_size":[36,64]},"west":{"uv":[146,251],"uv_size":[64,0]}}},{"origin":[-29,28.67582,-73.847],"pivot":[0,-14.2,0],"rotation":[-35,0,90],"size":[2.32,41.76,4.64],"uv":{"down":{"uv":[297,51],"uv_size":[2,-4]},"east":{"uv":[291,51],"uv_size":[4,36]},"north":{"uv":[295,51],"uv_size":[2,36]},"south":{"uv":[301,51],"uv_size":[2,36]},"up":{"uv":[295,47],"uv_size":[2,4]},"west":{"uv":[297,51],"uv_size":[4,36]}}}],"name":"leftwing5","parent":"leftwing4","pivot":[69.6,16.32,-31.32]},{"cubes":[{"origin":[-29.27076,91.4413,-48.74203],"pivot":[0,-14.2,0],"rotation":[-5,0,90],"size":[2.32,39.44,4.64],"uv":{"down":{"uv":[296,51],"uv_size":[2,-4]},"east":{"uv":[290,51],"uv_size":[4,34]},"north":{"uv":[294,51],"uv_size":[2,34]},"south":{"uv":[300,51],"uv_size":[2,34]},"up":{"uv":[294,47],"uv_size":[2,4]},"west":{"uv":[296,51],"uv_size":[4,34]}}},{"origin":[-84.68273,13.64,-162.36856],"pivot":[0,21.8,-33],"rotation":[0,-125,0],"size":[41.76,0,74.24],"uv":{"down":{"uv":[145,249],"uv_size":[36,-64]},"east":{"uv":[45,249],"uv_size":[64,0]},"north":{"uv":[109,249],"uv_size":[36,0]},"south":{"uv":[209,249],"uv_size":[36,0]},"up":{"uv":[109,185],"uv_size":[36,64]},"west":{"uv":[145,249],"uv_size":[64,0]}}},{"origin":[-29.27076,56.58779,-38.63945],"pivot":[0,-14.2,0],"rotation":[0,0,90],"size":[2.32,41.76,4.64],"uv":{"down":{"uv":[296,50],"uv_size":[2,-4]},"east":{"uv":[290,50],"uv_size":[4,36]},"north":{"uv":[294,50],"uv_size":[2,36]},"south":{"uv":[300,50],"uv_size":[2,36]},"up":{"uv":[294,46],"uv_size":[2,4]},"west":{"uv":[296,50],"uv_size":[4,36]}}}],"name":"leftwing6","parent":"leftwing5","pivot":[70.76,17.48,-31.32]},{"name":"tail","parent":"bodydragon","pivot":[0,14,19.72],"rotation":[0,-10,0]},{"cubes":[{"origin":[-1.16,-14.35151,40.76752],"pivot":[0,-15.36,-1.16],"rotation":[40,0,0],"size":[2.32,2.32,4.64],"uv":{"down":{"uv":[74,72],"uv_size":[2,-4]},"east":{"uv":[68,72],"uv_size":[4,2]},"north":{"uv":[72,72],"uv_size":[2,2]},"south":{"uv":[78,72],"uv_size":[2,2]},"up":{"uv":[72,68],"uv_size":[2,4]},"west":{"uv":[74,72],"uv_size":[4,2]}}},{"origin":[-1.16,-12.53119,35.95],"pivot":[0,-15.36,-1.16],"rotation":[45,0,0],"size":[2.32,2.32,6.96],"uv":{"down":{"uv":[52,74],"uv_size":[2,-6]},"east":{"uv":[44,74],"uv_size":[6,2]},"north":{"uv":[50,74],"uv_size":[2,2]},"south":{"uv":[58,74],"uv_size":[2,2]},"up":{"uv":[50,68],"uv_size":[2,6]},"west":{"uv":[52,74],"uv_size":[6,2]}}},{"origin":[-4.64,9.30937,12.81714],"pivot":[0,-29.28,-15.08],"rotation":[-10,0,0],"size":[9.28,11.6,13.92],"uv":{"down":{"uv":[170,82],"uv_size":[8,-12]},"east":{"uv":[150,82],"uv_size":[12,10]},"north":{"uv":[162,82],"uv_size":[8,10]},"south":{"uv":[182,82],"uv_size":[8,10]},"up":{"uv":[162,70],"uv_size":[8,12]},"west":{"uv":[170,82],"uv_size":[12,10]}}}],"name":"tail1","parent":"tail","pivot":[0,14,18.56]},{"cubes":[{"origin":[-1.16,-26.55725,52.46063],"pivot":[0,-16.52,-2.32],"rotation":[35,0,0],"size":[2.32,2.32,4.64],"uv":{"down":{"uv":[74,72],"uv_size":[2,-4]},"east":{"uv":[68,72],"uv_size":[4,2]},"north":{"uv":[72,72],"uv_size":[2,2]},"south":{"uv":[78,72],"uv_size":[2,2]},"up":{"uv":[72,68],"uv_size":[2,4]},"west":{"uv":[74,72],"uv_size":[4,2]}}},{"origin":[-1.16,-21.37138,47.42467],"pivot":[0,-16.52,-2.32],"rotation":[35,0,0],"size":[2.32,2.32,4.64],"uv":{"down":{"uv":[74,72],"uv_size":[2,-4]},"east":{"uv":[68,72],"uv_size":[4,2]},"north":{"uv":[72,72],"uv_size":[2,2]},"south":{"uv":[78,72],"uv_size":[2,2]},"up":{"uv":[72,68],"uv_size":[2,4]},"west":{"uv":[74,72],"uv_size":[4,2]}}},{"origin":[-1.16,-16.49123,43.33895],"pivot":[0,-16.52,-2.32],"rotation":[35,0,0],"size":[2.32,2.32,4.64],"uv":{"down":{"uv":[74,72],"uv_size":[2,-4]},"east":{"uv":[68,72],"uv_size":[4,2]},"north":{"uv":[72,72],"uv_size":[2,2]},"south":{"uv":[78,72],"uv_size":[2,2]},"up":{"uv":[72,68],"uv_size":[2,4]},"west":{"uv":[74,72],"uv_size":[4,2]}}},{"origin":[-3.48,14.3229,20.5139],"pivot":[0,-29.28,-16.24],"rotation":[-15,0,0],"size":[6.96,9.28,18.56],"uv":{"down":{"uv":[212,82],"uv_size":[6,-16]},"east":{"uv":[190,82],"uv_size":[16,8]},"north":{"uv":[206,82],"uv_size":[6,8]},"south":{"uv":[228,82],"uv_size":[6,8]},"up":{"uv":[206,66],"uv_size":[6,16]},"west":{"uv":[212,82],"uv_size":[16,8]}}}],"name":"tail2","parent":"tail1","pivot":[0,12.84,32.48],"rotation":[0,-7.5,0]},{"cubes":[{"origin":[-1.16,-38.30852,64.18718],"pivot":[0,-17.68,0],"rotation":[35,0,0],"size":[2.32,2.32,4.64],"uv":{"down":{"uv":[74,72],"uv_size":[2,-4]},"east":{"uv":[68,72],"uv_size":[4,2]},"north":{"uv":[72,72],"uv_size":[2,2]},"south":{"uv":[78,72],"uv_size":[2,2]},"up":{"uv":[72,68],"uv_size":[2,4]},"west":{"uv":[74,72],"uv_size":[4,2]}}},{"origin":[-1.16,-33.36622,59.15123],"pivot":[0,-17.68,0],"rotation":[35,0,0],"size":[2.32,2.32,4.64],"uv":{"down":{"uv":[74,72],"uv_size":[2,-4]},"east":{"uv":[68,72],"uv_size":[4,2]},"north":{"uv":[72,72],"uv_size":[2,2]},"south":{"uv":[78,72],"uv_size":[2,2]},"up":{"uv":[72,68],"uv_size":[2,4]},"west":{"uv":[74,72],"uv_size":[4,2]}}},{"origin":[-3.48,9.95723,41.12157],"pivot":[0,-32.76,-11.6],"rotation":[-10,0,0],"size":[6.96,6.96,22.04],"uv":{"down":{"uv":[168,60],"uv_size":[6,-19]},"east":{"uv":[143,60],"uv_size":[19,6]},"north":{"uv":[162,60],"uv_size":[6,6]},"south":{"uv":[187,60],"uv_size":[6,6]},"up":{"uv":[162,41],"uv_size":[6,19]},"west":{"uv":[168,60],"uv_size":[19,6]}}}],"name":"tail3","parent":"tail2","pivot":[0,7.04,47.56],"rotation":[0,-12.5,0]},{"cubes":[{"origin":[-1.16,-43.08014,69.64269],"pivot":[0,-18.84,2.32],"rotation":[35,0,0],"size":[2.32,2.32,4.64],"uv":{"down":{"uv":[74,72],"uv_size":[2,-4]},"east":{"uv":[68,72],"uv_size":[4,2]},"north":{"uv":[72,72],"uv_size":[2,2]},"south":{"uv":[78,72],"uv_size":[2,2]},"up":{"uv":[72,68],"uv_size":[2,4]},"west":{"uv":[74,72],"uv_size":[4,2]}}},{"origin":[-1.16,-50.01849,77.5293],"pivot":[0,-18.84,2.32],"rotation":[35,0,0],"size":[2.32,2.32,4.64],"uv":{"down":{"uv":[74,72],"uv_size":[2,-4]},"east":{"uv":[68,72],"uv_size":[4,2]},"north":{"uv":[72,72],"uv_size":[2,2]},"south":{"uv":[78,72],"uv_size":[2,2]},"up":{"uv":[72,68],"uv_size":[2,4]},"west":{"uv":[74,72],"uv_size":[4,2]}}},{"origin":[-1.16,-46.40688,74.39377],"pivot":[0,-18.84,2.32],"rotation":[35,0,0],"size":[2.32,2.32,4.64],"uv":{"down":{"uv":[74,72],"uv_size":[2,-4]},"east":{"uv":[68,72],"uv_size":[4,2]},"north":{"uv":[72,72],"uv_size":[2,2]},"south":{"uv":[78,72],"uv_size":[2,2]},"up":{"uv":[72,68],"uv_size":[2,4]},"west":{"uv":[74,72],"uv_size":[4,2]}}},{"origin":[-2.32,5.0996,66.31964],"pivot":[0,-32.76,-11.6],"rotation":[-5,0,0],"size":[4.64,4.64,18.56],"uv":{"down":{"uv":[208,56],"uv_size":[4,-16]},"east":{"uv":[188,56],"uv_size":[16,4]},"north":{"uv":[204,56],"uv_size":[4,4]},"south":{"uv":[224,56],"uv_size":[4,4]},"up":{"uv":[204,40],"uv_size":[4,16]},"west":{"uv":[208,56],"uv_size":[16,4]}}}],"name":"tail4","parent":"tail3","pivot":[0,3.56,68.44],"rotation":[0,-10,0]},{"cubes":[{"origin":[-1.16,-60.77191,81.61373],"pivot":[0,-18.84,3.48],"rotation":[40,0,0],"size":[2.32,2.32,4.64],"uv":{"down":{"uv":[74,72],"uv_size":[2,-4]},"east":{"uv":[68,72],"uv_size":[4,2]},"north":{"uv":[72,72],"uv_size":[2,2]},"south":{"uv":[78,72],"uv_size":[2,2]},"up":{"uv":[72,68],"uv_size":[2,4]},"west":{"uv":[74,72],"uv_size":[4,2]}}},{"origin":[-1.16,-63.75445,85.16816],"pivot":[0,-18.84,3.48],"rotation":[40,0,0],"size":[2.32,2.32,4.64],"uv":{"down":{"uv":[74,72],"uv_size":[2,-4]},"east":{"uv":[68,72],"uv_size":[4,2]},"north":{"uv":[72,72],"uv_size":[2,2]},"south":{"uv":[78,72],"uv_size":[2,2]},"up":{"uv":[72,68],"uv_size":[2,4]},"west":{"uv":[74,72],"uv_size":[4,2]}}},{"origin":[-1.16,-67.48262,89.61123],"pivot":[0,-18.84,3.48],"rotation":[40,0,0],"size":[2.32,2.32,4.64],"uv":{"down":{"uv":[74,72],"uv_size":[2,-4]},"east":{"uv":[68,72],"uv_size":[4,2]},"north":{"uv":[72,72],"uv_size":[2,2]},"south":{"uv":[78,72],"uv_size":[2,2]},"up":{"uv":[72,68],"uv_size":[2,4]},"west":{"uv":[74,72],"uv_size":[4,2]}}},{"origin":[-2.32,-3.23069,85.99109],"size":[4.64,4.64,18.56],"uv":{"down":{"uv":[208,56],"uv_size":[4,-16]},"east":{"uv":[188,56],"uv_size":[16,4]},"north":{"uv":[204,56],"uv_size":[4,4]},"south":{"uv":[224,56],"uv_size":[4,4]},"up":{"uv":[204,40],"uv_size":[4,16]},"west":{"uv":[208,56],"uv_size":[16,4]}}}],"name":"tail5","parent":"tail4","pivot":[0,3.56,85.84],"rotation":[0,-10,0]},{"cubes":[{"origin":[-1.16,-67.82239,94.56122],"pivot":[0,-18.84,19.72],"rotation":[45,0,0],"size":[2.32,2.32,5.8],"uv":{"down":{"uv":[52,74],"uv_size":[2,-5]},"east":{"uv":[45,74],"uv_size":[5,2]},"north":{"uv":[50,74],"uv_size":[2,2]},"south":{"uv":[57,74],"uv_size":[2,2]},"up":{"uv":[50,69],"uv_size":[2,5]},"west":{"uv":[52,74],"uv_size":[5,2]}}},{"origin":[-1.16,-60.59339,113.67362],"pivot":[0,-18.84,19.72],"rotation":[35,0,0],"size":[2.32,2.32,5.8],"uv":{"down":{"uv":[52,74],"uv_size":[2,-5]},"east":{"uv":[45,74],"uv_size":[5,2]},"north":{"uv":[50,74],"uv_size":[2,2]},"south":{"uv":[57,74],"uv_size":[2,2]},"up":{"uv":[50,69],"uv_size":[2,5]},"west":{"uv":[52,74],"uv_size":[5,2]}}},{"origin":[-1.16,-71.97822,99.48268],"pivot":[0,-18.84,19.72],"rotation":[45,0,0],"size":[2.32,2.32,5.8],"uv":{"down":{"uv":[52,74],"uv_size":[2,-5]},"east":{"uv":[45,74],"uv_size":[5,2]},"north":{"uv":[50,74],"uv_size":[2,2]},"south":{"uv":[57,74],"uv_size":[2,2]},"up":{"uv":[50,69],"uv_size":[2,5]},"west":{"uv":[52,74],"uv_size":[5,2]}}},{"origin":[-4.64,-12.16123,105.04125],"pivot":[0,-32.76,5.8],"rotation":[5,0,0],"size":[9.28,4.64,18.56],"uv":{"down":{"uv":[108,50],"uv_size":[8,-16]},"east":{"uv":[84,50],"uv_size":[16,4]},"north":{"uv":[100,50],"uv_size":[8,4]},"south":{"uv":[124,50],"uv_size":[8,4]},"up":{"uv":[100,34],"uv_size":[8,16]},"west":{"uv":[108,50],"uv_size":[16,4]}}},{"origin":[64.96,-9.84123,150.28125],"pivot":[83.52,-35.08,51.04],"rotation":[5,-50,0],"size":[23.2,0,31.32],"uv":{"down":{"uv":[161,166],"uv_size":[20,-27]},"east":{"uv":[114,166],"uv_size":[27,0]},"north":{"uv":[141,166],"uv_size":[20,0]},"south":{"uv":[188,166],"uv_size":[20,0]},"up":{"uv":[141,139],"uv_size":[20,27]},"west":{"uv":[161,166],"uv_size":[27,0]}}},{"origin":[-92.8,-9.84123,138.68125],"pivot":[-74.24,-35.08,39.44],"rotation":[5,50,0],"size":[23.2,0,31.32],"uv":{"down":{"uv":[181,166],"uv_size":[-20,-27]},"east":{"uv":[114,166],"uv_size":[27,0]},"north":{"uv":[141,166],"uv_size":[20,0]},"south":{"uv":[188,166],"uv_size":[20,0]},"up":{"uv":[141,139],"uv_size":[20,27]},"west":{"uv":[161,166],"uv_size":[27,0]}}}],"name":"tail6","parent":"tail5","pivot":[0,3.56,103.24]},{"name":"lleftleg","parent":"bodydragon","pivot":[7.12,10.52,16.24],"rotation":[68.97877,-10.31841,-75.47718]},{"cubes":[{"origin":[3.64,-1.94743,4.64611],"pivot":[0.16,-31.6,-15.08],"rotation":[-10,0,0],"size":[6.96,16.24,9.28],"uv":{"down":{"uv":[14,54],"uv_size":[6,-8]},"east":{"uv":[0,54],"uv_size":[8,14]},"north":{"uv":[8,54],"uv_size":[6,14]},"south":{"uv":[22,54],"uv_size":[6,14]},"up":{"uv":[8,46],"uv_size":[6,8]},"west":{"uv":[14,54],"uv_size":[8,14]}}}],"name":"lleg1","parent":"lleftleg","pivot":[7.12,10.52,16.24]},{"cubes":[{"origin":[4.8,-4.94923,-2.01086],"pivot":[0.16,-32.76,-16.24],"rotation":[-30,0,0],"size":[4.64,16.24,4.64],"uv":{"down":{"uv":[38,50],"uv_size":[4,-4]},"east":{"uv":[30,50],"uv_size":[4,14]},"north":{"uv":[34,50],"uv_size":[4,14]},"south":{"uv":[42,50],"uv_size":[4,14]},"up":{"uv":[34,46],"uv_size":[4,4]},"west":{"uv":[38,50],"uv_size":[4,14]}}}],"name":"lleg2","parent":"lleg1","pivot":[9.44,0.08,19.72]},{"cubes":[{"origin":[5.96,-18.028,4.64],"size":[2.32,4.64,9.28],"uv":{"down":{"uv":[14,136],"uv_size":[2,-8]},"east":{"uv":[4,136],"uv_size":[8,4]},"north":{"uv":[12,136],"uv_size":[2,4]},"south":{"uv":[22,136],"uv_size":[2,4]},"up":{"uv":[12,128],"uv_size":[2,8]},"west":{"uv":[14,136],"uv_size":[8,4]}}}],"name":"lleg3a","parent":"lleg2","pivot":[7.12,-12.68,11.6]},{"cubes":[{"origin":[5.96,-18.028,0],"size":[2.32,4.64,4.64],"uv":{"down":{"uv":[12,150],"uv_size":[2,-4]},"east":{"uv":[6,150],"uv_size":[4,4]},"north":{"uv":[10,150],"uv_size":[2,4]},"south":{"uv":[16,150],"uv_size":[2,4]},"up":{"uv":[10,146],"uv_size":[2,4]},"west":{"uv":[12,150],"uv_size":[4,4]}}}],"name":"lleg3a1","parent":"lleg3a","pivot":[7.12,-12.68,4.64],"rotation":[10,0,0]},{"cubes":[{"origin":[8.28,-18.84,5.8],"size":[2.32,4.64,9.28],"uv":{"down":{"uv":[14,136],"uv_size":[2,-8]},"east":{"uv":[4,136],"uv_size":[8,4]},"north":{"uv":[12,136],"uv_size":[2,4]},"south":{"uv":[22,136],"uv_size":[2,4]},"up":{"uv":[12,128],"uv_size":[2,8]},"west":{"uv":[14,136],"uv_size":[8,4]}}}],"name":"lleg3b","parent":"lleg2","pivot":[9.44,-12.68,12.76],"rotation":[0,-5,5]},{"cubes":[{"origin":[8.28,-18.84,1.16],"size":[2.32,4.64,4.64],"uv":{"down":{"uv":[12,150],"uv_size":[2,-4]},"east":{"uv":[6,150],"uv_size":[4,4]},"north":{"uv":[10,150],"uv_size":[2,4]},"south":{"uv":[16,150],"uv_size":[2,4]},"up":{"uv":[10,146],"uv_size":[2,4]},"west":{"uv":[12,150],"uv_size":[4,4]}}}],"name":"lleg3b2","parent":"lleg3b","pivot":[9.44,-12.68,5.8],"rotation":[10,0,0]},{"cubes":[{"origin":[3.64,-18.84,5.8],"size":[2.32,4.64,9.28],"uv":{"down":{"uv":[14,136],"uv_size":[2,-8]},"east":{"uv":[4,136],"uv_size":[8,4]},"north":{"uv":[12,136],"uv_size":[2,4]},"south":{"uv":[22,136],"uv_size":[2,4]},"up":{"uv":[12,128],"uv_size":[2,8]},"west":{"uv":[14,136],"uv_size":[8,4]}}}],"name":"lleg3c","parent":"lleg2","pivot":[4.8,-12.68,12.76],"rotation":[0,5,-5]},{"cubes":[{"origin":[3.64,-18.84,1.16],"size":[2.32,4.64,4.64],"uv":{"down":{"uv":[12,150],"uv_size":[2,-4]},"east":{"uv":[6,150],"uv_size":[4,4]},"north":{"uv":[10,150],"uv_size":[2,4]},"south":{"uv":[16,150],"uv_size":[2,4]},"up":{"uv":[10,146],"uv_size":[2,4]},"west":{"uv":[12,150],"uv_size":[4,4]}}}],"name":"lleg3c3","parent":"lleg3c","pivot":[4.8,-12.68,5.8],"rotation":[10,0,0]},{"name":"rightleg","parent":"bodydragon","pivot":[-6.12,11.68,17.4],"rotation":[69.62155,19.19778,71.09679]},{"cubes":[{"origin":[-9.6,-1.20179,4.64615],"pivot":[0.84,-31.6,-15.08],"rotation":[-10,0,0],"size":[6.96,16.24,9.28],"uv":{"down":{"uv":[14,54],"uv_size":[6,-8]},"east":{"uv":[0,54],"uv_size":[8,14]},"north":{"uv":[8,54],"uv_size":[6,14]},"south":{"uv":[22,54],"uv_size":[6,14]},"up":{"uv":[8,46],"uv_size":[6,8]},"west":{"uv":[14,54],"uv_size":[8,14]}}}],"name":"rleg1","parent":"rightleg","pivot":[-6.12,10.52,17.4]},{"cubes":[{"origin":[-8.44,-4.94929,-2.01086],"pivot":[0.84,-32.76,-16.24],"rotation":[-30,0,0],"size":[4.64,16.24,4.64],"uv":{"down":{"uv":[38,50],"uv_size":[4,-4]},"east":{"uv":[30,50],"uv_size":[4,14]},"north":{"uv":[34,50],"uv_size":[4,14]},"south":{"uv":[42,50],"uv_size":[4,14]},"up":{"uv":[34,46],"uv_size":[4,4]},"west":{"uv":[38,50],"uv_size":[4,14]}}}],"name":"rleg2","parent":"rleg1","pivot":[-6.12,0.08,19.72]},{"cubes":[{"origin":[-7.28,-18.028,4.64],"size":[2.32,4.64,9.28],"uv":{"down":{"uv":[14,136],"uv_size":[2,-8]},"east":{"uv":[4,136],"uv_size":[8,4]},"north":{"uv":[12,136],"uv_size":[2,4]},"south":{"uv":[22,136],"uv_size":[2,4]},"up":{"uv":[12,128],"uv_size":[2,8]},"west":{"uv":[14,136],"uv_size":[8,4]}}}],"name":"rleg3a","parent":"rleg2","pivot":[-6.12,-11.52,11.6]},{"cubes":[{"origin":[-7.28,-18.028,0],"size":[2.32,4.64,4.64],"uv":{"down":{"uv":[12,150],"uv_size":[2,-4]},"east":{"uv":[6,150],"uv_size":[4,4]},"north":{"uv":[10,150],"uv_size":[2,4]},"south":{"uv":[16,150],"uv_size":[2,4]},"up":{"uv":[10,146],"uv_size":[2,4]},"west":{"uv":[12,150],"uv_size":[4,4]}}}],"name":"rleg3a1","parent":"rleg3a","pivot":[-6.12,-11.52,4.64],"rotation":[10,0,0]},{"cubes":[{"origin":[-9.6,-18.84,5.8],"size":[2.32,4.64,9.28],"uv":{"down":{"uv":[14,136],"uv_size":[2,-8]},"east":{"uv":[4,136],"uv_size":[8,4]},"north":{"uv":[12,136],"uv_size":[2,4]},"south":{"uv":[22,136],"uv_size":[2,4]},"up":{"uv":[12,128],"uv_size":[2,8]},"west":{"uv":[14,136],"uv_size":[8,4]}}}],"name":"rleg3b","parent":"rleg2","pivot":[-8.44,-12.68,12.76],"rotation":[0,5,-5]},{"cubes":[{"origin":[-9.6,-18.84,1.16],"size":[2.32,4.64,4.64],"uv":{"down":{"uv":[12,150],"uv_size":[2,-4]},"east":{"uv":[6,150],"uv_size":[4,4]},"north":{"uv":[10,150],"uv_size":[2,4]},"south":{"uv":[16,150],"uv_size":[2,4]},"up":{"uv":[10,146],"uv_size":[2,4]},"west":{"uv":[12,150],"uv_size":[4,4]}}}],"name":"rleg3a2","parent":"rleg3b","pivot":[-9.6,-12.68,5.8],"rotation":[10,0,0]},{"cubes":[{"origin":[-4.96,-18.84,5.8],"size":[2.32,4.64,9.28],"uv":{"down":{"uv":[14,136],"uv_size":[2,-8]},"east":{"uv":[4,136],"uv_size":[8,4]},"north":{"uv":[12,136],"uv_size":[2,4]},"south":{"uv":[22,136],"uv_size":[2,4]},"up":{"uv":[12,128],"uv_size":[2,8]},"west":{"uv":[14,136],"uv_size":[8,4]}}}],"name":"rleg3c","parent":"rleg2","pivot":[-3.8,-12.68,12.76],"rotation":[0,-5,5]},{"cubes":[{"origin":[-4.96,-18.84,1.16],"size":[2.32,4.64,4.64],"uv":{"down":{"uv":[12,150],"uv_size":[2,-4]},"east":{"uv":[6,150],"uv_size":[4,4]},"north":{"uv":[10,150],"uv_size":[2,4]},"south":{"uv":[16,150],"uv_size":[2,4]},"up":{"uv":[10,146],"uv_size":[2,4]},"west":{"uv":[12,150],"uv_size":[4,4]}}}],"name":"rleg3c3","parent":"rleg3c","pivot":[-3.8,-12.68,5.8],"rotation":[10,0,0]}],"description":{"identifier":"geometry.fdragond","texture_height":256,"texture_width":512,"visible_bounds_height":9,"visible_bounds_offset":[0,1.5,0],"visible_bounds_width":21}}]}