{
	"format_version": "1.12.0",
	"minecraft:geometry": [
		{
			"description": {
				"identifier": "geometry.Ice_dragon",
				"texture_width": 512,
				"texture_height": 256,
				"visible_bounds_width": 21,
				"visible_bounds_height": 9,
				"visible_bounds_offset": [0, 1.5, 0]
			},
			"bones": [
				{
					"name": "bodydragon",
					"pivot": [0, 10, 0]
				},
				{
					"name": "bd",
					"parent": "bodydragon",
					"pivot": [0, 15, 22.04]
				},
				{
					"name": "bda",
					"parent": "bd",
					"pivot": [0, 15, 22.04],
					"cubes": [
						{
							"origin": [-1.16, -0.04777, 28.90756],
							"size": [2.32, 2.32, 6.96],
							"pivot": [0, -14.36, 0],
							"rotation": [45, 0, 0],
							"uv": {
								"north": {"uv": [50, 74], "uv_size": [2, 2]},
								"east": {"uv": [44, 74], "uv_size": [6, 2]},
								"south": {"uv": [58, 74], "uv_size": [2, 2]},
								"west": {"uv": [52, 74], "uv_size": [6, 2]},
								"up": {"uv": [50, 68], "uv_size": [2, 6]},
								"down": {"uv": [52, 74], "uv_size": [2, -6]}
							}
						},
						{
							"origin": [-1.16, -5.78948, 33.00877],
							"size": [2.32, 2.32, 6.96],
							"pivot": [0, -14.36, 0],
							"rotation": [45, 0, 0],
							"uv": {
								"north": {"uv": [50, 74], "uv_size": [2, 2]},
								"east": {"uv": [44, 74], "uv_size": [6, 2]},
								"south": {"uv": [58, 74], "uv_size": [2, 2]},
								"west": {"uv": [52, 74], "uv_size": [6, 2]},
								"up": {"uv": [50, 68], "uv_size": [2, 6]},
								"down": {"uv": [52, 74], "uv_size": [2, -6]}
							}
						},
						{
							"origin": [-8.12, 6.21229, 2.23214],
							"size": [16.24, 13.92, 16.24],
							"pivot": [0, -28.28, -13.92],
							"rotation": [-5, 0, 0],
							"uv": {
								"north": {"uv": [200, 108], "uv_size": [14, 12]},
								"east": {"uv": [186, 108], "uv_size": [14, 12]},
								"south": {"uv": [228, 108], "uv_size": [14, 12]},
								"west": {"uv": [214, 108], "uv_size": [14, 12]},
								"up": {"uv": [200, 94], "uv_size": [14, 14]},
								"down": {"uv": [214, 108], "uv_size": [14, -14]}
							}
						}
					]
				},
				{
					"name": "bdb",
					"parent": "bda",
					"pivot": [0, 16.16, 5.8],
					"rotation": [5, 0, 0],
					"cubes": [
						{
							"origin": [-1.16, 3.71369, 24.46658],
							"size": [2.32, 2.32, 6.96],
							"pivot": [0, -14.36, -1.16],
							"rotation": [45, 0, 0],
							"uv": {
								"north": {"uv": [50, 74], "uv_size": [2, 2]},
								"east": {"uv": [44, 74], "uv_size": [6, 2]},
								"south": {"uv": [58, 74], "uv_size": [2, 2]},
								"west": {"uv": [52, 74], "uv_size": [6, 2]},
								"up": {"uv": [50, 68], "uv_size": [2, 6]},
								"down": {"uv": [52, 74], "uv_size": [2, -6]}
							}
						},
						{
							"origin": [-1.16, 7.81491, 20.36537],
							"size": [2.32, 2.32, 6.96],
							"pivot": [0, -14.36, -1.16],
							"rotation": [45, 0, 0],
							"uv": {
								"north": {"uv": [50, 74], "uv_size": [2, 2]},
								"east": {"uv": [44, 74], "uv_size": [6, 2]},
								"south": {"uv": [58, 74], "uv_size": [2, 2]},
								"west": {"uv": [52, 74], "uv_size": [6, 2]},
								"up": {"uv": [50, 68], "uv_size": [2, 6]},
								"down": {"uv": [52, 74], "uv_size": [2, -6]}
							}
						},
						{
							"origin": [-1.16, 11.63282, 16.44616],
							"size": [2.32, 2.32, 4.64],
							"pivot": [0, -14.36, -1.16],
							"rotation": [45, 0, 0],
							"uv": {
								"north": {"uv": [72, 72], "uv_size": [2, 2]},
								"east": {"uv": [68, 72], "uv_size": [4, 2]},
								"south": {"uv": [78, 72], "uv_size": [2, 2]},
								"west": {"uv": [74, 72], "uv_size": [4, 2]},
								"up": {"uv": [72, 68], "uv_size": [2, 4]},
								"down": {"uv": [74, 72], "uv_size": [2, -4]}
							}
						},
						{
							"origin": [-6.96, 2.15666, -9.26675],
							"size": [13.92, 16.24, 16.24],
							"uv": {
								"north": {"uv": [148, 108], "uv_size": [12, 14]},
								"east": {"uv": [134, 108], "uv_size": [14, 14]},
								"south": {"uv": [174, 108], "uv_size": [12, 14]},
								"west": {"uv": [160, 108], "uv_size": [14, 14]},
								"up": {"uv": [148, 94], "uv_size": [12, 14]},
								"down": {"uv": [160, 108], "uv_size": [12, -14]}
							}
						}
					]
				},
				{
					"name": "neck",
					"parent": "bdb",
					"pivot": [0, 14.60302, -7.16384],
					"rotation": [5, 0, 0]
				},
				{
					"name": "neck1",
					"parent": "neck",
					"pivot": [0, 14.60302, -7.16384],
					"cubes": [
						{
							"origin": [-1.16, 14.54284, 15.72722],
							"size": [2.32, 2.32, 4.64],
							"pivot": [0, -19.05251, -1.05869],
							"rotation": [45, 0, 0],
							"uv": {
								"north": {"uv": [72, 72], "uv_size": [2, 2]},
								"east": {"uv": [68, 72], "uv_size": [4, 2]},
								"south": {"uv": [78, 72], "uv_size": [2, 2]},
								"west": {"uv": [74, 72], "uv_size": [4, 2]},
								"up": {"uv": [72, 68], "uv_size": [2, 4]},
								"down": {"uv": [74, 72], "uv_size": [2, -4]}
							}
						},
						{
							"origin": [-5.8, 4.26698, -16.44384],
							"size": [11.6, 13.92, 9.28],
							"uv": {
								"north": {"uv": [118, 94], "uv_size": [10, 12]},
								"east": {"uv": [110, 94], "uv_size": [8, 12]},
								"south": {"uv": [136, 94], "uv_size": [10, 12]},
								"west": {"uv": [128, 94], "uv_size": [8, 12]},
								"up": {"uv": [118, 86], "uv_size": [10, 8]},
								"down": {"uv": [128, 94], "uv_size": [10, -8]}
							}
						}
					]
				},
				{
					"name": "neck2",
					"parent": "neck1",
					"pivot": [0, 15.5616, -14.14146],
					"rotation": [-4.83045, -1.29256, -14.94548],
					"cubes": [
						{
							"origin": [-1.16, 14.5355, 8.5405],
							"size": [2.32, 2.32, 4.64],
							"pivot": [0, -20.41394, -5.71631],
							"rotation": [45.43855, -7.05302, -7.10708],
							"uv": {
								"north": {"uv": [72, 72], "uv_size": [2, 2]},
								"east": {"uv": [68, 72], "uv_size": [4, 2]},
								"south": {"uv": [78, 72], "uv_size": [2, 2]},
								"west": {"uv": [74, 72], "uv_size": [4, 2]},
								"up": {"uv": [72, 68], "uv_size": [2, 4]},
								"down": {"uv": [74, 72], "uv_size": [2, -4]}
							}
						},
						{
							"origin": [-0.26554, 5.95661, -9.20808],
							"size": [2.32, 2.32, 4.64],
							"pivot": [0, -11.41394, -27.71631],
							"rotation": [45.43855, -7.05302, -7.10708],
							"uv": {
								"north": {"uv": [72, 72], "uv_size": [2, 2]},
								"east": {"uv": [68, 72], "uv_size": [4, 2]},
								"south": {"uv": [78, 72], "uv_size": [2, 2]},
								"west": {"uv": [74, 72], "uv_size": [4, 2]},
								"up": {"uv": [72, 68], "uv_size": [2, 4]},
								"down": {"uv": [74, 72], "uv_size": [2, -4]}
							}
						},
						{
							"origin": [-4.64, 4.85301, -30.49103],
							"size": [9.28, 11.6, 16.24],
							"pivot": [0, 8.9616, -19.94146],
							"rotation": [4.88206, 1.08089, -12.45392],
							"uv": {
								"north": {"uv": [60, 92], "uv_size": [8, 10]},
								"east": {"uv": [46, 92], "uv_size": [14, 10]},
								"south": {"uv": [82, 92], "uv_size": [8, 10]},
								"west": {"uv": [68, 92], "uv_size": [14, 10]},
								"up": {"uv": [60, 78], "uv_size": [8, 14]},
								"down": {"uv": [68, 92], "uv_size": [8, -14]}
							}
						}
					]
				},
				{
					"name": "head",
					"parent": "neck2",
					"pivot": [-4, 11.44079, -44.20755],
					"rotation": [-2.31734, 5.55803, -62.81394]
				},
				{
					"name": "heads",
					"parent": "head",
					"pivot": [-4, 11.25623, -45.00616],
					"rotation": [-10, 0, 0],
					"cubes": [
						{
							"origin": [10.10697, 24.92321, -17.3941],
							"size": [2.32, 4.64, 9.28],
							"pivot": [-4, -21.58377, -5.56616],
							"rotation": [40, 20, 5],
							"uv": {
								"north": {"uv": [126, 76], "uv_size": [2, 4]},
								"east": {"uv": [118, 76], "uv_size": [8, 4]},
								"south": {"uv": [136, 76], "uv_size": [2, 4]},
								"west": {"uv": [128, 76], "uv_size": [8, 4]},
								"up": {"uv": [126, 68], "uv_size": [2, 8]},
								"down": {"uv": [128, 76], "uv_size": [2, -8]}
							}
						},
						{
							"origin": [8.24206, 9.95795, -40.61298],
							"size": [2.32, 2.32, 9.28],
							"pivot": [-4, -21.58377, -5.56616],
							"rotation": [10, 20, 10],
							"uv": {
								"north": {"uv": [80, 64], "uv_size": [2, 2]},
								"east": {"uv": [72, 64], "uv_size": [8, 2]},
								"south": {"uv": [90, 64], "uv_size": [2, 2]},
								"west": {"uv": [82, 64], "uv_size": [8, 2]},
								"up": {"uv": [80, 56], "uv_size": [2, 8]},
								"down": {"uv": [82, 64], "uv_size": [2, -8]}
							}
						},
						{
							"origin": [-20.42697, 24.87815, -17.67154],
							"size": [2.32, 4.64, 9.28],
							"pivot": [-4, -21.58377, -5.56616],
							"rotation": [40, -20, -5],
							"uv": {
								"north": {"uv": [126, 76], "uv_size": [2, 4]},
								"east": {"uv": [118, 76], "uv_size": [8, 4]},
								"south": {"uv": [136, 76], "uv_size": [2, 4]},
								"west": {"uv": [128, 76], "uv_size": [8, 4]},
								"up": {"uv": [126, 68], "uv_size": [2, 8]},
								"down": {"uv": [128, 76], "uv_size": [2, -8]}
							}
						},
						{
							"origin": [-15.86181, 25.55061, -18.15808],
							"size": [2.32, 4.64, 9.28],
							"pivot": [-4, -21.58377, -5.56616],
							"rotation": [40, -10, 2.5],
							"uv": {
								"north": {"uv": [126, 76], "uv_size": [2, 4]},
								"east": {"uv": [118, 76], "uv_size": [8, 4]},
								"south": {"uv": [136, 76], "uv_size": [2, 4]},
								"west": {"uv": [128, 76], "uv_size": [8, 4]},
								"up": {"uv": [126, 68], "uv_size": [2, 8]},
								"down": {"uv": [128, 76], "uv_size": [2, -8]}
							}
						},
						{
							"origin": [6.01563, 24.6892, -17.72806],
							"size": [2.32, 4.64, 9.28],
							"pivot": [-4, -21.58377, -5.56616],
							"rotation": [40, 10, -2.5],
							"uv": {
								"north": {"uv": [126, 76], "uv_size": [2, 4]},
								"east": {"uv": [118, 76], "uv_size": [8, 4]},
								"south": {"uv": [136, 76], "uv_size": [2, 4]},
								"west": {"uv": [128, 76], "uv_size": [8, 4]},
								"up": {"uv": [126, 68], "uv_size": [2, 8]},
								"down": {"uv": [128, 76], "uv_size": [2, -8]}
							}
						},
						{
							"origin": [22.95562, 10.57004, -46.757],
							"size": [2.32, 2.32, 4.64],
							"pivot": [14.56, 41.24079, 3.35245],
							"rotation": [10, 20, 10],
							"uv": {
								"north": {"uv": [273, 26], "uv_size": [2, 2]},
								"east": {"uv": [269, 26], "uv_size": [4, 2]},
								"south": {"uv": [279, 26], "uv_size": [2, 2]},
								"west": {"uv": [275, 26], "uv_size": [4, 2]},
								"up": {"uv": [273, 22], "uv_size": [2, 4]},
								"down": {"uv": [275, 26], "uv_size": [2, -4]}
							}
						},
						{
							"origin": [-31.84023, 13.02216, -40.09559],
							"size": [2.32, 2.32, 4.64],
							"pivot": [-4, 41.24079, 3.35245],
							"rotation": [10, -20, -10],
							"uv": {
								"north": {"uv": [273, 26], "uv_size": [2, 2]},
								"east": {"uv": [269, 26], "uv_size": [4, 2]},
								"south": {"uv": [279, 26], "uv_size": [2, 2]},
								"west": {"uv": [275, 26], "uv_size": [4, 2]},
								"up": {"uv": [273, 22], "uv_size": [2, 4]},
								"down": {"uv": [275, 26], "uv_size": [2, -4]}
							}
						},
						{
							"origin": [-20.36792, 27.12875, -8.46121],
							"size": [2.32, 2.32, 6.96],
							"pivot": [-4, -21.58377, -5.56616],
							"rotation": [40, -20, -5],
							"uv": {
								"north": {"uv": [98, 78], "uv_size": [2, 2]},
								"east": {"uv": [92, 78], "uv_size": [6, 2]},
								"south": {"uv": [106, 78], "uv_size": [2, 2]},
								"west": {"uv": [100, 78], "uv_size": [6, 2]},
								"up": {"uv": [98, 72], "uv_size": [2, 6]},
								"down": {"uv": [100, 78], "uv_size": [2, -6]}
							}
						},
						{
							"origin": [-15.832, 27.82667, -9.6861],
							"size": [2.32, 2.32, 4.64],
							"pivot": [-4, -21.58377, -5.56616],
							"rotation": [40, -10, 2.5],
							"uv": {
								"north": {"uv": [98, 78], "uv_size": [2, 2]},
								"east": {"uv": [94, 78], "uv_size": [4, 2]},
								"south": {"uv": [104, 78], "uv_size": [2, 2]},
								"west": {"uv": [100, 78], "uv_size": [4, 2]},
								"up": {"uv": [98, 74], "uv_size": [2, 4]},
								"down": {"uv": [100, 78], "uv_size": [2, -4]}
							}
						},
						{
							"origin": [6.05953, 27.024, -8.7],
							"size": [2.32, 2.32, 4.64],
							"pivot": [-4, -21.58377, -5.56616],
							"rotation": [40, 10, -2.5],
							"uv": {
								"north": {"uv": [98, 78], "uv_size": [2, 2]},
								"east": {"uv": [94, 78], "uv_size": [4, 2]},
								"south": {"uv": [104, 78], "uv_size": [2, 2]},
								"west": {"uv": [100, 78], "uv_size": [4, 2]},
								"up": {"uv": [98, 74], "uv_size": [2, 4]},
								"down": {"uv": [100, 78], "uv_size": [2, -4]}
							}
						},
						{
							"origin": [18.63972, 47.10841, -41.62505],
							"size": [2.32, 2.32, 4.64],
							"pivot": [1.8, 41.24079, 3.35245],
							"rotation": [40, 20, 5],
							"uv": {
								"north": {"uv": [273, 26], "uv_size": [2, 2]},
								"east": {"uv": [269, 26], "uv_size": [4, 2]},
								"south": {"uv": [279, 26], "uv_size": [2, 2]},
								"west": {"uv": [275, 26], "uv_size": [4, 2]},
								"up": {"uv": [273, 22], "uv_size": [2, 4]},
								"down": {"uv": [275, 26], "uv_size": [2, -4]}
							}
						},
						{
							"origin": [-18.52192, 10.3189, -40.6624],
							"size": [2.32, 2.32, 9.28],
							"pivot": [-4, -21.58377, -5.56616],
							"rotation": [10, -20, -10],
							"uv": {
								"north": {"uv": [80, 64], "uv_size": [2, 2]},
								"east": {"uv": [72, 64], "uv_size": [8, 2]},
								"south": {"uv": [90, 64], "uv_size": [2, 2]},
								"west": {"uv": [82, 64], "uv_size": [8, 2]},
								"up": {"uv": [80, 56], "uv_size": [2, 8]},
								"down": {"uv": [82, 64], "uv_size": [2, -8]}
							}
						},
						{
							"origin": [-29.29519, 47.97679, -43.77743],
							"size": [2.32, 2.32, 4.64],
							"pivot": [-15.6, 41.24079, 3.35245],
							"rotation": [40, -20, -5],
							"uv": {
								"north": {"uv": [273, 26], "uv_size": [2, 2]},
								"east": {"uv": [269, 26], "uv_size": [4, 2]},
								"south": {"uv": [279, 26], "uv_size": [2, 2]},
								"west": {"uv": [275, 26], "uv_size": [4, 2]},
								"up": {"uv": [273, 22], "uv_size": [2, 4]},
								"down": {"uv": [275, 26], "uv_size": [2, -4]}
							}
						},
						{
							"origin": [10.06254, 27.17101, -8.16069],
							"size": [2.32, 2.32, 6.96],
							"pivot": [-4, -21.58377, -5.56616],
							"rotation": [40, 20, 5],
							"uv": {
								"north": {"uv": [98, 78], "uv_size": [2, 2]},
								"east": {"uv": [92, 78], "uv_size": [6, 2]},
								"south": {"uv": [106, 78], "uv_size": [2, 2]},
								"west": {"uv": [100, 78], "uv_size": [6, 2]},
								"up": {"uv": [98, 72], "uv_size": [2, 6]},
								"down": {"uv": [100, 78], "uv_size": [2, -6]}
							}
						}
					]
				},
				{
					"name": "head1",
					"parent": "heads",
					"pivot": [-4, 11.25623, -46.16616],
					"cubes": [
						{
							"origin": [-9.8, 10.26058, -38.98543],
							"size": [11.6, 8.12, 9.28],
							"pivot": [-4, -33.18377, -19.48616],
							"rotation": [20, 0, 0],
							"uv": {
								"north": {"uv": [20, 116], "uv_size": [10, 7]},
								"east": {"uv": [12, 116], "uv_size": [8, 7]},
								"south": {"uv": [38, 116], "uv_size": [10, 7]},
								"west": {"uv": [30, 116], "uv_size": [8, 7]},
								"up": {"uv": [150, 97], "uv_size": [10, 8]},
								"down": {"uv": [216, 107], "uv_size": [10, -8]}
							}
						}
					]
				},
				{
					"name": "umouth",
					"parent": "heads",
					"pivot": [-4, 7.77623, -54.28616],
					"cubes": [
						{
							"origin": [-8.64, 11.57602, -50.00543],
							"size": [9.28, 6.96, 11.6],
							"pivot": [-4, -33.18377, -19.48616],
							"rotation": [20, 0, 0],
							"uv": {
								"north": {"uv": [22, 98], "uv_size": [8, 6]},
								"east": {"uv": [12, 98], "uv_size": [10, 6]},
								"south": {"uv": [40, 98], "uv_size": [8, 6]},
								"west": {"uv": [30, 98], "uv_size": [10, 6]},
								"up": {"uv": [150, 99], "uv_size": [8, 10]},
								"down": {"uv": [30, 98], "uv_size": [8, -10]}
							}
						},
						{
							"origin": [-5.16, 21.588, -14.61295],
							"size": [2.32, 4.64, 4.64],
							"pivot": [-4, -33.18377, -19.48616],
							"rotation": [55, 0, 0],
							"uv": {
								"north": {"uv": [146, 76], "uv_size": [2, 4]},
								"east": {"uv": [142, 76], "uv_size": [4, 4]},
								"south": {"uv": [152, 76], "uv_size": [2, 4]},
								"west": {"uv": [148, 76], "uv_size": [4, 4]},
								"up": {"uv": [146, 72], "uv_size": [2, 4]},
								"down": {"uv": [148, 76], "uv_size": [2, -4]}
							}
						},
						{
							"origin": [-5.16, 24.472, -15.39082],
							"size": [2.32, 2.32, 4.64],
							"pivot": [-4, -33.18377, -19.48616],
							"rotation": [50, 0, 0],
							"uv": {
								"north": {"uv": [128, 64], "uv_size": [2, 2]},
								"east": {"uv": [124, 64], "uv_size": [4, 2]},
								"south": {"uv": [134, 64], "uv_size": [2, 2]},
								"west": {"uv": [130, 64], "uv_size": [4, 2]},
								"up": {"uv": [128, 60], "uv_size": [2, 4]},
								"down": {"uv": [130, 64], "uv_size": [2, -4]}
							}
						}
					]
				},
				{
					"name": "lmouth",
					"parent": "heads",
					"pivot": [-4, 2.45623, -56.12616],
					"rotation": [65, 0, 0],
					"cubes": [
						{
							"origin": [-8.6304, -2.4418, -66.31025],
							"size": [9.2608, 2.3008, 11.5808],
							"inflate": -0.06,
							"pivot": [-4, -1.84884, -55.5796],
							"rotation": [20, 0, 0],
							"uv": {
								"north": {"uv": [78, 122], "uv_size": [8, 2]},
								"east": {"uv": [68, 122], "uv_size": [10, 2]},
								"south": {"uv": [96, 122], "uv_size": [8, 2]},
								"west": {"uv": [86, 122], "uv_size": [10, 2]},
								"up": {"uv": [78, 112], "uv_size": [8, 10]},
								"down": {"uv": [86, 122], "uv_size": [-1, -10]}
							}
						},
						{
							"origin": [-8.672, -4.76037, -66.252],
							"size": [9.344, 2.384, 10.504],
							"inflate": 0.2,
							"pivot": [-4, -1.74707, -56.63874],
							"rotation": [-20, 0, -180],
							"uv": {
								"north": {"uv": [13, 42], "uv_size": [8, 2]},
								"east": {"uv": [4, 42], "uv_size": [9, 2]},
								"south": {"uv": [30, 42], "uv_size": [8, 2]},
								"west": {"uv": [21, 42], "uv_size": [9, 2]},
								"up": {"uv": [13, 33], "uv_size": [8, 9]},
								"down": {"uv": [21, 42], "uv_size": [8, -9]}
							}
						}
					]
				},
				{
					"name": "neck3",
					"parent": "neck2",
					"pivot": [0, 13.14492, -28.16697],
					"rotation": [-5, 0, 0],
					"cubes": [
						{
							"origin": [-3.48, 4.25439, -47.2476],
							"size": [6.96, 9.28, 18.56],
							"pivot": [0, 7.70492, -37.88697],
							"rotation": [4.83045, 1.29256, -14.94548],
							"uv": {
								"north": {"uv": [64, 142], "uv_size": [6, 8]},
								"east": {"uv": [48, 142], "uv_size": [16, 8]},
								"south": {"uv": [86, 142], "uv_size": [6, 8]},
								"west": {"uv": [70, 142], "uv_size": [16, 8]},
								"up": {"uv": [64, 126], "uv_size": [6, 16]},
								"down": {"uv": [70, 142], "uv_size": [6, -16]}
							}
						},
						{
							"origin": [-1.16, 5.57346, -9.20572],
							"size": [2.32, 2.32, 4.64],
							"pivot": [0, -21.67062, -28.66182],
							"rotation": [45.24614, -5.29571, -5.31847],
							"uv": {
								"north": {"uv": [72, 72], "uv_size": [2, 2]},
								"east": {"uv": [68, 72], "uv_size": [4, 2]},
								"south": {"uv": [78, 72], "uv_size": [2, 2]},
								"west": {"uv": [74, 72], "uv_size": [4, 2]},
								"up": {"uv": [72, 68], "uv_size": [2, 4]},
								"down": {"uv": [74, 72], "uv_size": [2, -4]}
							}
						},
						{
							"origin": [-1.16, 23.07208, 3.50886],
							"size": [2.32, 2.32, 4.64],
							"pivot": [0, -36.67062, -4.66182],
							"rotation": [45.43855, -7.05302, -7.10708],
							"uv": {
								"north": {"uv": [72, 72], "uv_size": [2, 2]},
								"east": {"uv": [68, 72], "uv_size": [4, 2]},
								"south": {"uv": [78, 72], "uv_size": [2, 2]},
								"west": {"uv": [74, 72], "uv_size": [4, 2]},
								"up": {"uv": [72, 68], "uv_size": [2, 4]},
								"down": {"uv": [74, 72], "uv_size": [2, -4]}
							}
						}
					]
				},
				{
					"name": "right_wing",
					"parent": "bodydragon",
					"pivot": [-4.64, 17.32, 0],
					"rotation": [-1.03043, 4.91835, -17.56609]
				},
				{
					"name": "rightwing1",
					"parent": "right_wing",
					"pivot": [-4.64, 17.32, 0],
					"cubes": [
						{
							"origin": [-37.5723, 13.9323, 0],
							"size": [30.16, 0, 22.04],
							"pivot": [0, -13.2, 0],
							"rotation": [0, 5, 0],
							"uv": {
								"north": {"uv": [286, 231], "uv_size": [26, 0]},
								"east": {"uv": [267, 231], "uv_size": [19, 0]},
								"south": {"uv": [331, 231], "uv_size": [26, 0]},
								"west": {"uv": [312, 231], "uv_size": [19, 0]},
								"up": {"uv": [286, 212], "uv_size": [26, 19]},
								"down": {"uv": [338, 214], "uv_size": [-26, -19]}
							}
						},
						{
							"origin": [-30.16, -50.32, -8.12],
							"size": [4.64, 31.32, 9.28],
							"pivot": [0, -13.2, 0],
							"rotation": [5, 0, 90],
							"uv": {
								"north": {"uv": [348, 70], "uv_size": [4, 27]},
								"east": {"uv": [340, 70], "uv_size": [8, 27]},
								"south": {"uv": [360, 70], "uv_size": [4, 27]},
								"west": {"uv": [352, 70], "uv_size": [8, 27]},
								"up": {"uv": [348, 62], "uv_size": [4, 8]},
								"down": {"uv": [352, 70], "uv_size": [4, -8]}
							}
						}
					]
				},
				{
					"name": "rightwing2",
					"parent": "rightwing1",
					"pivot": [-36.98307, 17.71672, 1.09183],
					"rotation": [-1.50701, -4.76804, 17.56274],
					"cubes": [
						{
							"origin": [-83.02004, 12.35306, -38.62823],
							"size": [4.64, 4.64, 2.32],
							"pivot": [-72.94393, 14.29629, -37.52414],
							"rotation": [0, -55, 0],
							"uv": {
								"north": {"uv": [258, 106], "uv_size": [4, 4]},
								"east": {"uv": [256, 106], "uv_size": [2, 4]},
								"south": {"uv": [264, 106], "uv_size": [4, 4]},
								"west": {"uv": [262, 106], "uv_size": [2, 4]},
								"up": {"uv": [258, 104], "uv_size": [4, 2]},
								"down": {"uv": [262, 106], "uv_size": [4, -2]}
							}
						},
						{
							"origin": [-78.8938, 12.3599, -39.55827],
							"size": [4.64, 4.64, 2.32],
							"pivot": [-74.10396, 14.29627, -37.52419],
							"rotation": [0, -55, 0],
							"uv": {
								"north": {"uv": [258, 90], "uv_size": [4, 4]},
								"east": {"uv": [256, 90], "uv_size": [2, 4]},
								"south": {"uv": [264, 90], "uv_size": [4, 4]},
								"west": {"uv": [262, 90], "uv_size": [2, 4]},
								"up": {"uv": [258, 88], "uv_size": [4, 2]},
								"down": {"uv": [262, 90], "uv_size": [4, -2]}
							}
						},
						{
							"origin": [-30.16, -93.20931, 24.00665],
							"size": [4.64, 58, 6.96],
							"pivot": [0, -13.2, 0],
							"rotation": [-45, 0, 90],
							"uv": {
								"north": {"uv": [384, 55], "uv_size": [4, 50]},
								"east": {"uv": [378, 55], "uv_size": [6, 50]},
								"south": {"uv": [394, 55], "uv_size": [4, 50]},
								"west": {"uv": [388, 55], "uv_size": [6, 50]},
								"up": {"uv": [384, 49], "uv_size": [4, 6]},
								"down": {"uv": [388, 55], "uv_size": [4, -6]}
							}
						}
					]
				},
				{
					"name": "rigtwing3",
					"parent": "rightwing2",
					"pivot": [-74.24, 17.32, -34.8],
					"cubes": [
						{
							"origin": [25.16977, 14.64, 10.11831],
							"size": [34.8, 0, 54.52],
							"pivot": [0, -13.2, 0],
							"rotation": [0, -130, 0],
							"uv": {
								"north": {"uv": [213, 233], "uv_size": [30, 0]},
								"east": {"uv": [166, 233], "uv_size": [47, 0]},
								"south": {"uv": [290, 233], "uv_size": [30, 0]},
								"west": {"uv": [243, 233], "uv_size": [47, 0]},
								"up": {"uv": [243, 186], "uv_size": [-30, 47]},
								"down": {"uv": [243, 233], "uv_size": [30, -47]}
							}
						},
						{
							"origin": [-29, -13.07264, -59.7335],
							"size": [2.32, 41.76, 4.64],
							"pivot": [0, -13.2, 0],
							"rotation": [105, 0, 90],
							"uv": {
								"north": {"uv": [294, 50], "uv_size": [2, 36]},
								"east": {"uv": [290, 50], "uv_size": [4, 36]},
								"south": {"uv": [300, 50], "uv_size": [2, 36]},
								"west": {"uv": [296, 50], "uv_size": [4, 36]},
								"up": {"uv": [294, 46], "uv_size": [2, 4]},
								"down": {"uv": [296, 50], "uv_size": [2, -4]}
							}
						},
						{
							"origin": [-29, -32.64531, -59.27483],
							"size": [2.32, 34.8, 4.64],
							"pivot": [0, -13.2, 0],
							"rotation": [110, 0, 90],
							"uv": {
								"north": {"uv": [294, 50], "uv_size": [2, 30]},
								"east": {"uv": [290, 50], "uv_size": [4, 30]},
								"south": {"uv": [300, 50], "uv_size": [2, 30]},
								"west": {"uv": [296, 50], "uv_size": [4, 30]},
								"up": {"uv": [294, 46], "uv_size": [2, 4]},
								"down": {"uv": [296, 50], "uv_size": [2, -4]}
							}
						}
					]
				},
				{
					"name": "rightwing4",
					"parent": "rigtwing3",
					"pivot": [-75.4, 17.32, -33.64],
					"cubes": [
						{
							"origin": [-29, -68.30143, -84.48542],
							"size": [2.32, 34.8, 4.64],
							"pivot": [0, -13.2, 0],
							"rotation": [80, 0, 90],
							"uv": {
								"north": {"uv": [294, 50], "uv_size": [2, 30]},
								"east": {"uv": [290, 50], "uv_size": [4, 30]},
								"south": {"uv": [300, 50], "uv_size": [2, 30]},
								"west": {"uv": [296, 50], "uv_size": [4, 30]},
								"up": {"uv": [294, 46], "uv_size": [2, 4]},
								"down": {"uv": [296, 50], "uv_size": [2, -4]}
							}
						},
						{
							"origin": [57.11772, 14.64, -21.84837],
							"size": [41.76, 0, 74.24],
							"pivot": [0, -13.2, 0],
							"rotation": [0, -165, 0],
							"uv": {
								"north": {"uv": [107, 249], "uv_size": [36, 0]},
								"east": {"uv": [43, 249], "uv_size": [64, 0]},
								"south": {"uv": [207, 249], "uv_size": [36, 0]},
								"west": {"uv": [143, 249], "uv_size": [64, 0]},
								"up": {"uv": [143, 185], "uv_size": [-36, 64]},
								"down": {"uv": [143, 249], "uv_size": [36, -64]}
							}
						},
						{
							"origin": [-29, -52.17192, -78.86055],
							"size": [2.32, 41.76, 4.64],
							"pivot": [0, -13.2, 0],
							"rotation": [70, 0, 90],
							"uv": {
								"north": {"uv": [294, 50], "uv_size": [2, 36]},
								"east": {"uv": [290, 50], "uv_size": [4, 36]},
								"south": {"uv": [300, 50], "uv_size": [2, 36]},
								"west": {"uv": [296, 50], "uv_size": [4, 36]},
								"up": {"uv": [294, 46], "uv_size": [2, 4]},
								"down": {"uv": [296, 50], "uv_size": [2, -4]}
							}
						}
					]
				},
				{
					"name": "rightwing5",
					"parent": "rightwing4",
					"pivot": [-71.92, 18.48, -32.48],
					"cubes": [
						{
							"origin": [-29, -123.51612, -76.57931],
							"size": [2.32, 38.28, 4.64],
							"pivot": [0, -13.2, 0],
							"rotation": [40, 0, 90],
							"uv": {
								"north": {"uv": [294, 49], "uv_size": [2, 33]},
								"east": {"uv": [290, 49], "uv_size": [4, 33]},
								"south": {"uv": [300, 49], "uv_size": [2, 33]},
								"west": {"uv": [296, 49], "uv_size": [4, 33]},
								"up": {"uv": [294, 45], "uv_size": [2, 4]},
								"down": {"uv": [296, 49], "uv_size": [2, -4]}
							}
						},
						{
							"origin": [-29, -96.6544, -69.83243],
							"size": [2.32, 41.76, 4.64],
							"pivot": [0, -13.2, 0],
							"rotation": [35, 0, 90],
							"uv": {
								"north": {"uv": [294, 50], "uv_size": [2, 36]},
								"east": {"uv": [290, 50], "uv_size": [4, 36]},
								"south": {"uv": [300, 50], "uv_size": [2, 36]},
								"west": {"uv": [296, 50], "uv_size": [4, 36]},
								"up": {"uv": [294, 46], "uv_size": [2, 4]},
								"down": {"uv": [296, 50], "uv_size": [2, -4]}
							}
						},
						{
							"origin": [75.79839, 14.64, -63.76694],
							"size": [41.76, 0, 74.24],
							"pivot": [0, -13.2, 0],
							"rotation": [0, 160, 0],
							"uv": {
								"north": {"uv": [109, 251], "uv_size": [36, 0]},
								"east": {"uv": [45, 251], "uv_size": [64, 0]},
								"south": {"uv": [209, 251], "uv_size": [36, 0]},
								"west": {"uv": [145, 251], "uv_size": [64, 0]},
								"up": {"uv": [145, 187], "uv_size": [-36, 64]},
								"down": {"uv": [145, 251], "uv_size": [36, -64]}
							}
						}
					]
				},
				{
					"name": "rightwing6",
					"parent": "rightwing5",
					"pivot": [-73.08, 18.48, -34.8],
					"cubes": [
						{
							"origin": [-29, -128.3495, -37.51412],
							"size": [2.32, 41.76, 4.64],
							"pivot": [0, -13.2, 0],
							"rotation": [0, 0, 90],
							"uv": {
								"north": {"uv": [294, 50], "uv_size": [2, 36]},
								"east": {"uv": [290, 50], "uv_size": [4, 36]},
								"south": {"uv": [300, 50], "uv_size": [2, 36]},
								"west": {"uv": [296, 50], "uv_size": [4, 36]},
								"up": {"uv": [294, 46], "uv_size": [2, 4]},
								"down": {"uv": [296, 50], "uv_size": [2, -4]}
							}
						},
						{
							"origin": [-29, -156.69299, -47.38803],
							"size": [2.32, 39.44, 4.64],
							"pivot": [0, -13.2, 0],
							"rotation": [5, 0, 90],
							"uv": {
								"north": {"uv": [294, 50], "uv_size": [2, 34]},
								"east": {"uv": [290, 50], "uv_size": [4, 34]},
								"south": {"uv": [300, 50], "uv_size": [2, 34]},
								"west": {"uv": [296, 50], "uv_size": [4, 34]},
								"up": {"uv": [294, 46], "uv_size": [2, 4]},
								"down": {"uv": [296, 50], "uv_size": [2, -4]}
							}
						},
						{
							"origin": [67.53722, 14.64, -110.61833],
							"size": [41.76, 0, 74.24],
							"pivot": [0, -13.2, 0],
							"rotation": [0, 125, 0],
							"uv": {
								"north": {"uv": [114, 250], "uv_size": [36, 0]},
								"east": {"uv": [50, 250], "uv_size": [64, 0]},
								"south": {"uv": [214, 250], "uv_size": [36, 0]},
								"west": {"uv": [150, 250], "uv_size": [64, 0]},
								"up": {"uv": [145, 186], "uv_size": [-36, 64]},
								"down": {"uv": [150, 250], "uv_size": [36, -64]}
							}
						}
					]
				},
				{
					"name": "left_wing",
					"parent": "bodydragon",
					"pivot": [3.48, 17.32, 0],
					"rotation": [-0.81441, -4.9586, 15.05709]
				},
				{
					"name": "leftwing1",
					"parent": "left_wing",
					"pivot": [4.64, 17.32, 0],
					"cubes": [
						{
							"origin": [7.19226, 13.9323, -0.73704],
							"size": [30.16, 0, 22.04],
							"pivot": [0, -13.2, 0],
							"rotation": [0, -5, 0],
							"uv": {
								"north": {"uv": [312, 212], "uv_size": [26, 0]},
								"east": {"uv": [293, 212], "uv_size": [19, 0]},
								"south": {"uv": [357, 212], "uv_size": [26, 0]},
								"west": {"uv": [338, 212], "uv_size": [19, 0]},
								"up": {"uv": [312, 193], "uv_size": [26, 19]},
								"down": {"uv": [338, 212], "uv_size": [26, -19]}
							}
						},
						{
							"origin": [-8.16, 20.77128, -8.38944],
							"size": [4.64, 31.32, 9.28],
							"pivot": [-2, 10.8, -25],
							"rotation": [-5, 0, 90],
							"uv": {
								"north": {"uv": [348, 70], "uv_size": [4, 27]},
								"east": {"uv": [340, 70], "uv_size": [8, 27]},
								"south": {"uv": [360, 70], "uv_size": [4, 27]},
								"west": {"uv": [352, 70], "uv_size": [8, 27]},
								"up": {"uv": [348, 62], "uv_size": [4, 8]},
								"down": {"uv": [352, 70], "uv_size": [4, -8]}
							}
						}
					]
				},
				{
					"name": "leftwing2",
					"parent": "leftwing1",
					"pivot": [37.12, 17.32, 1.16],
					"rotation": [-1.71394, 4.69776, -20.07031],
					"cubes": [
						{
							"origin": [66.67477, 12.31983, -38.01833],
							"size": [4.64, 4.64, 2.32],
							"pivot": [73.0578, 13.85717, -36.86625],
							"rotation": [0, -125, 0],
							"uv": {
								"north": {"uv": [258, 90], "uv_size": [4, 4]},
								"east": {"uv": [256, 90], "uv_size": [2, 4]},
								"south": {"uv": [264, 90], "uv_size": [4, 4]},
								"west": {"uv": [262, 90], "uv_size": [2, 4]},
								"up": {"uv": [258, 88], "uv_size": [4, 2]},
								"down": {"uv": [262, 90], "uv_size": [4, -2]}
							}
						},
						{
							"origin": [-30.16, 8.87144, 23.78906],
							"size": [4.64, 58, 6.96],
							"pivot": [0, -13.2, 0],
							"rotation": [45, 0, 90],
							"uv": {
								"north": {"uv": [384, 54], "uv_size": [4, 50]},
								"east": {"uv": [378, 54], "uv_size": [6, 50]},
								"south": {"uv": [394, 54], "uv_size": [4, 50]},
								"west": {"uv": [388, 54], "uv_size": [6, 50]},
								"up": {"uv": [384, 48], "uv_size": [4, 6]},
								"down": {"uv": [388, 54], "uv_size": [4, -6]}
							}
						},
						{
							"origin": [62.05737, 12.30776, -38.03222],
							"size": [4.64, 4.64, 2.32],
							"pivot": [73.05692, 15.01713, -36.85617],
							"rotation": [0, -125, 0],
							"uv": {
								"north": {"uv": [258, 106], "uv_size": [4, 4]},
								"east": {"uv": [256, 106], "uv_size": [2, 4]},
								"south": {"uv": [264, 106], "uv_size": [4, 4]},
								"west": {"uv": [262, 106], "uv_size": [2, 4]},
								"up": {"uv": [258, 104], "uv_size": [4, 2]},
								"down": {"uv": [262, 106], "uv_size": [4, -2]}
							}
						}
					]
				},
				{
					"name": "leftwing3",
					"parent": "leftwing2",
					"pivot": [69.6, 18.48, -32.48],
					"cubes": [
						{
							"origin": [-29, -28.14041, -59.76608],
							"size": [2.32, 34.8, 4.64],
							"pivot": [0, -13.2, 0],
							"rotation": [-110, 0, 90],
							"uv": {
								"north": {"uv": [294, 50], "uv_size": [2, 30]},
								"east": {"uv": [290, 50], "uv_size": [4, 30]},
								"south": {"uv": [300, 50], "uv_size": [2, 30]},
								"west": {"uv": [296, 50], "uv_size": [4, 30]},
								"up": {"uv": [294, 46], "uv_size": [2, 4]},
								"down": {"uv": [296, 50], "uv_size": [2, -4]}
							}
						},
						{
							"origin": [-28.33465, -56.40277, -60.90227],
							"size": [2.32, 41.76, 4.64],
							"pivot": [0, -13.2, 0],
							"rotation": [-105, 0, 90],
							"uv": {
								"north": {"uv": [386, 58], "uv_size": [2, 36]},
								"east": {"uv": [382, 58], "uv_size": [4, 36]},
								"south": {"uv": [392, 58], "uv_size": [2, 36]},
								"west": {"uv": [388, 58], "uv_size": [4, 36]},
								"up": {"uv": [386, 54], "uv_size": [2, 4]},
								"down": {"uv": [388, 58], "uv_size": [2, -4]}
							}
						},
						{
							"origin": [-60.23303, 14.64, 10.45887],
							"size": [34.8, 0, 54.52],
							"pivot": [0, -13.2, 0],
							"rotation": [0, 130, 0],
							"uv": {
								"north": {"uv": [213, 234], "uv_size": [30, 0]},
								"east": {"uv": [166, 234], "uv_size": [47, 0]},
								"south": {"uv": [290, 234], "uv_size": [30, 0]},
								"west": {"uv": [243, 234], "uv_size": [47, 0]},
								"up": {"uv": [213, 187], "uv_size": [30, 47]},
								"down": {"uv": [243, 234], "uv_size": [30, -47]}
							}
						}
					]
				},
				{
					"name": "leftwing4",
					"parent": "leftwing3",
					"pivot": [69.6, 18.48, -31.32],
					"cubes": [
						{
							"origin": [-29, -18.79678, -82.53286],
							"size": [2.32, 41.76, 4.64],
							"pivot": [0, -13.2, 0],
							"rotation": [-70, 0, 90],
							"uv": {
								"north": {"uv": [386, 59], "uv_size": [2, 36]},
								"east": {"uv": [382, 59], "uv_size": [4, 36]},
								"south": {"uv": [392, 59], "uv_size": [2, 36]},
								"west": {"uv": [388, 59], "uv_size": [4, 36]},
								"up": {"uv": [386, 55], "uv_size": [2, 4]},
								"down": {"uv": [388, 59], "uv_size": [2, -4]}
							}
						},
						{
							"origin": [-29.66535, 5.67982, -87.43465],
							"size": [2.32, 34.8, 4.64],
							"pivot": [0, -13.2, 0],
							"rotation": [-80, 0, 90],
							"uv": {
								"north": {"uv": [294, 50], "uv_size": [2, 30]},
								"east": {"uv": [290, 50], "uv_size": [4, 30]},
								"south": {"uv": [300, 50], "uv_size": [2, 30]},
								"west": {"uv": [296, 50], "uv_size": [4, 30]},
								"up": {"uv": [294, 46], "uv_size": [2, 4]},
								"down": {"uv": [296, 50], "uv_size": [2, -4]}
							}
						},
						{
							"origin": [-99.41761, 14.64, -20.96593],
							"size": [41.76, 0, 74.24],
							"pivot": [0, -13.2, 0],
							"rotation": [0, 165, 0],
							"uv": {
								"north": {"uv": [74, 249], "uv_size": [36, 0]},
								"east": {"uv": [10, 249], "uv_size": [64, 0]},
								"south": {"uv": [174, 249], "uv_size": [36, 0]},
								"west": {"uv": [110, 249], "uv_size": [64, 0]},
								"up": {"uv": [74, 185], "uv_size": [36, 64]},
								"down": {"uv": [110, 249], "uv_size": [36, -64]}
							}
						}
					]
				},
				{
					"name": "leftwing5",
					"parent": "leftwing4",
					"pivot": [69.6, 17.32, -31.32],
					"cubes": [
						{
							"origin": [-29.66535, 58.44202, -80.70011],
							"size": [2.32, 38.28, 4.64],
							"pivot": [0, -13.2, 0],
							"rotation": [-40, 0, 90],
							"uv": {
								"north": {"uv": [294, 51], "uv_size": [2, 33]},
								"east": {"uv": [290, 51], "uv_size": [4, 33]},
								"south": {"uv": [300, 51], "uv_size": [2, 33]},
								"west": {"uv": [296, 51], "uv_size": [4, 33]},
								"up": {"uv": [294, 47], "uv_size": [2, 4]},
								"down": {"uv": [296, 51], "uv_size": [2, -4]}
							}
						},
						{
							"origin": [-119.97591, 14.64, -63.58915],
							"size": [41.76, 0, 74.24],
							"pivot": [0, -13.2, 0],
							"rotation": [0, -160, 0],
							"uv": {
								"north": {"uv": [110, 251], "uv_size": [36, 0]},
								"east": {"uv": [46, 251], "uv_size": [64, 0]},
								"south": {"uv": [210, 251], "uv_size": [36, 0]},
								"west": {"uv": [146, 251], "uv_size": [64, 0]},
								"up": {"uv": [110, 187], "uv_size": [36, 64]},
								"down": {"uv": [146, 251], "uv_size": [36, -64]}
							}
						},
						{
							"origin": [-29, 29.67582, -73.847],
							"size": [2.32, 41.76, 4.64],
							"pivot": [0, -13.2, 0],
							"rotation": [-35, 0, 90],
							"uv": {
								"north": {"uv": [295, 51], "uv_size": [2, 36]},
								"east": {"uv": [291, 51], "uv_size": [4, 36]},
								"south": {"uv": [301, 51], "uv_size": [2, 36]},
								"west": {"uv": [297, 51], "uv_size": [4, 36]},
								"up": {"uv": [295, 47], "uv_size": [2, 4]},
								"down": {"uv": [297, 51], "uv_size": [2, -4]}
							}
						}
					]
				},
				{
					"name": "leftwing6",
					"parent": "leftwing5",
					"pivot": [70.76, 18.48, -31.32],
					"cubes": [
						{
							"origin": [-29.27076, 92.4413, -48.74203],
							"size": [2.32, 39.44, 4.64],
							"pivot": [0, -13.2, 0],
							"rotation": [-5, 0, 90],
							"uv": {
								"north": {"uv": [294, 51], "uv_size": [2, 34]},
								"east": {"uv": [290, 51], "uv_size": [4, 34]},
								"south": {"uv": [300, 51], "uv_size": [2, 34]},
								"west": {"uv": [296, 51], "uv_size": [4, 34]},
								"up": {"uv": [294, 47], "uv_size": [2, 4]},
								"down": {"uv": [296, 51], "uv_size": [2, -4]}
							}
						},
						{
							"origin": [-111.71475, 14.64, -110.44054],
							"size": [41.76, 0, 74.24],
							"pivot": [0, -13.2, 0],
							"rotation": [0, -125, 0],
							"uv": {
								"north": {"uv": [109, 249], "uv_size": [36, 0]},
								"east": {"uv": [45, 249], "uv_size": [64, 0]},
								"south": {"uv": [209, 249], "uv_size": [36, 0]},
								"west": {"uv": [145, 249], "uv_size": [64, 0]},
								"up": {"uv": [109, 185], "uv_size": [36, 64]},
								"down": {"uv": [145, 249], "uv_size": [36, -64]}
							}
						},
						{
							"origin": [-29.27076, 57.58779, -38.63945],
							"size": [2.32, 41.76, 4.64],
							"pivot": [0, -13.2, 0],
							"rotation": [0, 0, 90],
							"uv": {
								"north": {"uv": [294, 50], "uv_size": [2, 36]},
								"east": {"uv": [290, 50], "uv_size": [4, 36]},
								"south": {"uv": [300, 50], "uv_size": [2, 36]},
								"west": {"uv": [296, 50], "uv_size": [4, 36]},
								"up": {"uv": [294, 46], "uv_size": [2, 4]},
								"down": {"uv": [296, 50], "uv_size": [2, -4]}
							}
						}
					]
				},
				{
					"name": "tail",
					"parent": "bodydragon",
					"pivot": [0, 15, 19.72]
				},
				{
					"name": "tail1",
					"parent": "tail",
					"pivot": [0, 15, 18.56],
					"cubes": [
						{
							"origin": [-1.16, -13.35151, 40.76752],
							"size": [2.32, 2.32, 4.64],
							"pivot": [0, -14.36, -1.16],
							"rotation": [40, 0, 0],
							"uv": {
								"north": {"uv": [72, 72], "uv_size": [2, 2]},
								"east": {"uv": [68, 72], "uv_size": [4, 2]},
								"south": {"uv": [78, 72], "uv_size": [2, 2]},
								"west": {"uv": [74, 72], "uv_size": [4, 2]},
								"up": {"uv": [72, 68], "uv_size": [2, 4]},
								"down": {"uv": [74, 72], "uv_size": [2, -4]}
							}
						},
						{
							"origin": [-1.16, -11.53119, 35.95],
							"size": [2.32, 2.32, 6.96],
							"pivot": [0, -14.36, -1.16],
							"rotation": [45, 0, 0],
							"uv": {
								"north": {"uv": [50, 74], "uv_size": [2, 2]},
								"east": {"uv": [44, 74], "uv_size": [6, 2]},
								"south": {"uv": [58, 74], "uv_size": [2, 2]},
								"west": {"uv": [52, 74], "uv_size": [6, 2]},
								"up": {"uv": [50, 68], "uv_size": [2, 6]},
								"down": {"uv": [52, 74], "uv_size": [2, -6]}
							}
						},
						{
							"origin": [-4.64, 10.30937, 12.81714],
							"size": [9.28, 11.6, 13.92],
							"pivot": [0, -28.28, -15.08],
							"rotation": [-10, 0, 0],
							"uv": {
								"north": {"uv": [162, 82], "uv_size": [8, 10]},
								"east": {"uv": [150, 82], "uv_size": [12, 10]},
								"south": {"uv": [182, 82], "uv_size": [8, 10]},
								"west": {"uv": [170, 82], "uv_size": [12, 10]},
								"up": {"uv": [162, 70], "uv_size": [8, 12]},
								"down": {"uv": [170, 82], "uv_size": [8, -12]}
							}
						}
					]
				},
				{
					"name": "tail2",
					"parent": "tail1",
					"pivot": [0, 13.84, 32.48],
					"cubes": [
						{
							"origin": [-1.16, -25.55725, 52.46063],
							"size": [2.32, 2.32, 4.64],
							"pivot": [0, -15.52, -2.32],
							"rotation": [35, 0, 0],
							"uv": {
								"north": {"uv": [72, 72], "uv_size": [2, 2]},
								"east": {"uv": [68, 72], "uv_size": [4, 2]},
								"south": {"uv": [78, 72], "uv_size": [2, 2]},
								"west": {"uv": [74, 72], "uv_size": [4, 2]},
								"up": {"uv": [72, 68], "uv_size": [2, 4]},
								"down": {"uv": [74, 72], "uv_size": [2, -4]}
							}
						},
						{
							"origin": [-1.16, -20.37138, 47.42467],
							"size": [2.32, 2.32, 4.64],
							"pivot": [0, -15.52, -2.32],
							"rotation": [35, 0, 0],
							"uv": {
								"north": {"uv": [72, 72], "uv_size": [2, 2]},
								"east": {"uv": [68, 72], "uv_size": [4, 2]},
								"south": {"uv": [78, 72], "uv_size": [2, 2]},
								"west": {"uv": [74, 72], "uv_size": [4, 2]},
								"up": {"uv": [72, 68], "uv_size": [2, 4]},
								"down": {"uv": [74, 72], "uv_size": [2, -4]}
							}
						},
						{
							"origin": [-1.16, -15.49123, 43.33895],
							"size": [2.32, 2.32, 4.64],
							"pivot": [0, -15.52, -2.32],
							"rotation": [35, 0, 0],
							"uv": {
								"north": {"uv": [72, 72], "uv_size": [2, 2]},
								"east": {"uv": [68, 72], "uv_size": [4, 2]},
								"south": {"uv": [78, 72], "uv_size": [2, 2]},
								"west": {"uv": [74, 72], "uv_size": [4, 2]},
								"up": {"uv": [72, 68], "uv_size": [2, 4]},
								"down": {"uv": [74, 72], "uv_size": [2, -4]}
							}
						},
						{
							"origin": [-3.48, 15.3229, 20.5139],
							"size": [6.96, 9.28, 18.56],
							"pivot": [0, -28.28, -16.24],
							"rotation": [-15, 0, 0],
							"uv": {
								"north": {"uv": [206, 82], "uv_size": [6, 8]},
								"east": {"uv": [190, 82], "uv_size": [16, 8]},
								"south": {"uv": [228, 82], "uv_size": [6, 8]},
								"west": {"uv": [212, 82], "uv_size": [16, 8]},
								"up": {"uv": [206, 66], "uv_size": [6, 16]},
								"down": {"uv": [212, 82], "uv_size": [6, -16]}
							}
						}
					]
				},
				{
					"name": "tail3",
					"parent": "tail2",
					"pivot": [0, 8.04, 47.56],
					"cubes": [
						{
							"origin": [-1.16, -37.30852, 64.18718],
							"size": [2.32, 2.32, 4.64],
							"pivot": [0, -16.68, 0],
							"rotation": [35, 0, 0],
							"uv": {
								"north": {"uv": [72, 72], "uv_size": [2, 2]},
								"east": {"uv": [68, 72], "uv_size": [4, 2]},
								"south": {"uv": [78, 72], "uv_size": [2, 2]},
								"west": {"uv": [74, 72], "uv_size": [4, 2]},
								"up": {"uv": [72, 68], "uv_size": [2, 4]},
								"down": {"uv": [74, 72], "uv_size": [2, -4]}
							}
						},
						{
							"origin": [-1.16, -32.36622, 59.15123],
							"size": [2.32, 2.32, 4.64],
							"pivot": [0, -16.68, 0],
							"rotation": [35, 0, 0],
							"uv": {
								"north": {"uv": [72, 72], "uv_size": [2, 2]},
								"east": {"uv": [68, 72], "uv_size": [4, 2]},
								"south": {"uv": [78, 72], "uv_size": [2, 2]},
								"west": {"uv": [74, 72], "uv_size": [4, 2]},
								"up": {"uv": [72, 68], "uv_size": [2, 4]},
								"down": {"uv": [74, 72], "uv_size": [2, -4]}
							}
						},
						{
							"origin": [-3.48, 10.95723, 41.12157],
							"size": [6.96, 6.96, 22.04],
							"pivot": [0, -31.76, -11.6],
							"rotation": [-10, 0, 0],
							"uv": {
								"north": {"uv": [162, 60], "uv_size": [6, 6]},
								"east": {"uv": [143, 60], "uv_size": [19, 6]},
								"south": {"uv": [187, 60], "uv_size": [6, 6]},
								"west": {"uv": [168, 60], "uv_size": [19, 6]},
								"up": {"uv": [162, 41], "uv_size": [6, 19]},
								"down": {"uv": [168, 60], "uv_size": [6, -19]}
							}
						}
					]
				},
				{
					"name": "tail4",
					"parent": "tail3",
					"pivot": [0, 4.56, 68.44],
					"cubes": [
						{
							"origin": [-1.16, -42.08014, 69.64269],
							"size": [2.32, 2.32, 4.64],
							"pivot": [0, -17.84, 2.32],
							"rotation": [35, 0, 0],
							"uv": {
								"north": {"uv": [72, 72], "uv_size": [2, 2]},
								"east": {"uv": [68, 72], "uv_size": [4, 2]},
								"south": {"uv": [78, 72], "uv_size": [2, 2]},
								"west": {"uv": [74, 72], "uv_size": [4, 2]},
								"up": {"uv": [72, 68], "uv_size": [2, 4]},
								"down": {"uv": [74, 72], "uv_size": [2, -4]}
							}
						},
						{
							"origin": [-1.16, -49.01849, 77.5293],
							"size": [2.32, 2.32, 4.64],
							"pivot": [0, -17.84, 2.32],
							"rotation": [35, 0, 0],
							"uv": {
								"north": {"uv": [72, 72], "uv_size": [2, 2]},
								"east": {"uv": [68, 72], "uv_size": [4, 2]},
								"south": {"uv": [78, 72], "uv_size": [2, 2]},
								"west": {"uv": [74, 72], "uv_size": [4, 2]},
								"up": {"uv": [72, 68], "uv_size": [2, 4]},
								"down": {"uv": [74, 72], "uv_size": [2, -4]}
							}
						},
						{
							"origin": [-1.16, -45.40688, 74.39377],
							"size": [2.32, 2.32, 4.64],
							"pivot": [0, -17.84, 2.32],
							"rotation": [35, 0, 0],
							"uv": {
								"north": {"uv": [72, 72], "uv_size": [2, 2]},
								"east": {"uv": [68, 72], "uv_size": [4, 2]},
								"south": {"uv": [78, 72], "uv_size": [2, 2]},
								"west": {"uv": [74, 72], "uv_size": [4, 2]},
								"up": {"uv": [72, 68], "uv_size": [2, 4]},
								"down": {"uv": [74, 72], "uv_size": [2, -4]}
							}
						},
						{
							"origin": [-2.32, 6.0996, 66.31964],
							"size": [4.64, 4.64, 18.56],
							"pivot": [0, -31.76, -11.6],
							"rotation": [-5, 0, 0],
							"uv": {
								"north": {"uv": [204, 56], "uv_size": [4, 4]},
								"east": {"uv": [188, 56], "uv_size": [16, 4]},
								"south": {"uv": [224, 56], "uv_size": [4, 4]},
								"west": {"uv": [208, 56], "uv_size": [16, 4]},
								"up": {"uv": [204, 40], "uv_size": [4, 16]},
								"down": {"uv": [208, 56], "uv_size": [4, -16]}
							}
						}
					]
				},
				{
					"name": "tail5",
					"parent": "tail4",
					"pivot": [0, 4.56, 85.84],
					"cubes": [
						{
							"origin": [-1.16, -59.77191, 81.61373],
							"size": [2.32, 2.32, 4.64],
							"pivot": [0, -17.84, 3.48],
							"rotation": [40, 0, 0],
							"uv": {
								"north": {"uv": [72, 72], "uv_size": [2, 2]},
								"east": {"uv": [68, 72], "uv_size": [4, 2]},
								"south": {"uv": [78, 72], "uv_size": [2, 2]},
								"west": {"uv": [74, 72], "uv_size": [4, 2]},
								"up": {"uv": [72, 68], "uv_size": [2, 4]},
								"down": {"uv": [74, 72], "uv_size": [2, -4]}
							}
						},
						{
							"origin": [-1.16, -62.75445, 85.16816],
							"size": [2.32, 2.32, 4.64],
							"pivot": [0, -17.84, 3.48],
							"rotation": [40, 0, 0],
							"uv": {
								"north": {"uv": [72, 72], "uv_size": [2, 2]},
								"east": {"uv": [68, 72], "uv_size": [4, 2]},
								"south": {"uv": [78, 72], "uv_size": [2, 2]},
								"west": {"uv": [74, 72], "uv_size": [4, 2]},
								"up": {"uv": [72, 68], "uv_size": [2, 4]},
								"down": {"uv": [74, 72], "uv_size": [2, -4]}
							}
						},
						{
							"origin": [-1.16, -66.48262, 89.61123],
							"size": [2.32, 2.32, 4.64],
							"pivot": [0, -17.84, 3.48],
							"rotation": [40, 0, 0],
							"uv": {
								"north": {"uv": [72, 72], "uv_size": [2, 2]},
								"east": {"uv": [68, 72], "uv_size": [4, 2]},
								"south": {"uv": [78, 72], "uv_size": [2, 2]},
								"west": {"uv": [74, 72], "uv_size": [4, 2]},
								"up": {"uv": [72, 68], "uv_size": [2, 4]},
								"down": {"uv": [74, 72], "uv_size": [2, -4]}
							}
						},
						{
							"origin": [-2.32, -2.23069, 85.99109],
							"size": [4.64, 4.64, 18.56],
							"uv": {
								"north": {"uv": [204, 56], "uv_size": [4, 4]},
								"east": {"uv": [188, 56], "uv_size": [16, 4]},
								"south": {"uv": [224, 56], "uv_size": [4, 4]},
								"west": {"uv": [208, 56], "uv_size": [16, 4]},
								"up": {"uv": [204, 40], "uv_size": [4, 16]},
								"down": {"uv": [208, 56], "uv_size": [4, -16]}
							}
						}
					]
				},
				{
					"name": "tail6",
					"parent": "tail5",
					"pivot": [0, 4.56, 103.24],
					"cubes": [
						{
							"origin": [-1.16, -66.82239, 94.56122],
							"size": [2.32, 2.32, 5.8],
							"pivot": [0, -17.84, 19.72],
							"rotation": [45, 0, 0],
							"uv": {
								"north": {"uv": [50, 74], "uv_size": [2, 2]},
								"east": {"uv": [45, 74], "uv_size": [5, 2]},
								"south": {"uv": [57, 74], "uv_size": [2, 2]},
								"west": {"uv": [52, 74], "uv_size": [5, 2]},
								"up": {"uv": [50, 69], "uv_size": [2, 5]},
								"down": {"uv": [52, 74], "uv_size": [2, -5]}
							}
						},
						{
							"origin": [-1.16, -59.59339, 113.67362],
							"size": [2.32, 2.32, 5.8],
							"pivot": [0, -17.84, 19.72],
							"rotation": [35, 0, 0],
							"uv": {
								"north": {"uv": [50, 74], "uv_size": [2, 2]},
								"east": {"uv": [45, 74], "uv_size": [5, 2]},
								"south": {"uv": [57, 74], "uv_size": [2, 2]},
								"west": {"uv": [52, 74], "uv_size": [5, 2]},
								"up": {"uv": [50, 69], "uv_size": [2, 5]},
								"down": {"uv": [52, 74], "uv_size": [2, -5]}
							}
						},
						{
							"origin": [-1.16, -70.97822, 99.48268],
							"size": [2.32, 2.32, 5.8],
							"pivot": [0, -17.84, 19.72],
							"rotation": [45, 0, 0],
							"uv": {
								"north": {"uv": [50, 74], "uv_size": [2, 2]},
								"east": {"uv": [45, 74], "uv_size": [5, 2]},
								"south": {"uv": [57, 74], "uv_size": [2, 2]},
								"west": {"uv": [52, 74], "uv_size": [5, 2]},
								"up": {"uv": [50, 69], "uv_size": [2, 5]},
								"down": {"uv": [52, 74], "uv_size": [2, -5]}
							}
						},
						{
							"origin": [-4.64, -11.16123, 105.04125],
							"size": [9.28, 4.64, 18.56],
							"pivot": [0, -31.76, 5.8],
							"rotation": [5, 0, 0],
							"uv": {
								"north": {"uv": [100, 50], "uv_size": [8, 4]},
								"east": {"uv": [84, 50], "uv_size": [16, 4]},
								"south": {"uv": [124, 50], "uv_size": [8, 4]},
								"west": {"uv": [108, 50], "uv_size": [16, 4]},
								"up": {"uv": [100, 34], "uv_size": [8, 16]},
								"down": {"uv": [108, 50], "uv_size": [8, -16]}
							}
						},
						{
							"origin": [64.96, -8.84123, 150.28125],
							"size": [23.2, 0, 31.32],
							"pivot": [83.52, -34.08, 51.04],
							"rotation": [5, -50, 0],
							"uv": {
								"north": {"uv": [141, 166], "uv_size": [20, 0]},
								"east": {"uv": [114, 166], "uv_size": [27, 0]},
								"south": {"uv": [188, 166], "uv_size": [20, 0]},
								"west": {"uv": [161, 166], "uv_size": [27, 0]},
								"up": {"uv": [141, 139], "uv_size": [20, 27]},
								"down": {"uv": [161, 166], "uv_size": [20, -27]}
							}
						},
						{
							"origin": [-92.8, -8.84123, 138.68125],
							"size": [23.2, 0, 31.32],
							"pivot": [-74.24, -34.08, 39.44],
							"rotation": [5, 50, 0],
							"uv": {
								"north": {"uv": [141, 166], "uv_size": [20, 0]},
								"east": {"uv": [114, 166], "uv_size": [27, 0]},
								"south": {"uv": [188, 166], "uv_size": [20, 0]},
								"west": {"uv": [161, 166], "uv_size": [27, 0]},
								"up": {"uv": [141, 139], "uv_size": [20, 27]},
								"down": {"uv": [181, 166], "uv_size": [-20, -27]}
							}
						}
					]
				},
				{
					"name": "lleftleg",
					"parent": "bodydragon",
					"pivot": [8.12, 10.52, 16.24],
					"rotation": [87.28006, -19.82169, -82.02468]
				},
				{
					"name": "lleg1",
					"parent": "lleftleg",
					"pivot": [8.12, 10.52, 16.24],
					"cubes": [
						{
							"origin": [4.64, -1.94743, 4.64611],
							"size": [6.96, 16.24, 9.28],
							"pivot": [1.16, -31.6, -15.08],
							"rotation": [-10, 0, 0],
							"uv": {
								"north": {"uv": [8, 54], "uv_size": [6, 14]},
								"east": {"uv": [0, 54], "uv_size": [8, 14]},
								"south": {"uv": [22, 54], "uv_size": [6, 14]},
								"west": {"uv": [14, 54], "uv_size": [8, 14]},
								"up": {"uv": [8, 46], "uv_size": [6, 8]},
								"down": {"uv": [14, 54], "uv_size": [6, -8]}
							}
						}
					]
				},
				{
					"name": "lleg2",
					"parent": "lleg1",
					"pivot": [10.44, 0.08, 19.72],
					"cubes": [
						{
							"origin": [5.8, -4.94923, -2.01086],
							"size": [4.64, 16.24, 4.64],
							"pivot": [1.16, -32.76, -16.24],
							"rotation": [-30, 0, 0],
							"uv": {
								"north": {"uv": [34, 50], "uv_size": [4, 14]},
								"east": {"uv": [30, 50], "uv_size": [4, 14]},
								"south": {"uv": [42, 50], "uv_size": [4, 14]},
								"west": {"uv": [38, 50], "uv_size": [4, 14]},
								"up": {"uv": [34, 46], "uv_size": [4, 4]},
								"down": {"uv": [38, 50], "uv_size": [4, -4]}
							}
						}
					]
				},
				{
					"name": "lleg3a",
					"parent": "lleg2",
					"pivot": [8.12, -12.68, 11.6],
					"cubes": [
						{
							"origin": [6.96, -18.028, 4.64],
							"size": [2.32, 4.64, 9.28],
							"uv": {
								"north": {"uv": [12, 136], "uv_size": [2, 4]},
								"east": {"uv": [4, 136], "uv_size": [8, 4]},
								"south": {"uv": [22, 136], "uv_size": [2, 4]},
								"west": {"uv": [14, 136], "uv_size": [8, 4]},
								"up": {"uv": [12, 128], "uv_size": [2, 8]},
								"down": {"uv": [14, 136], "uv_size": [2, -8]}
							}
						}
					]
				},
				{
					"name": "lleg3a1",
					"parent": "lleg3a",
					"pivot": [8.12, -12.68, 4.64],
					"rotation": [10, 0, 0],
					"cubes": [
						{
							"origin": [6.96, -18.028, 0],
							"size": [2.32, 4.64, 4.64],
							"uv": {
								"north": {"uv": [10, 150], "uv_size": [2, 4]},
								"east": {"uv": [6, 150], "uv_size": [4, 4]},
								"south": {"uv": [16, 150], "uv_size": [2, 4]},
								"west": {"uv": [12, 150], "uv_size": [4, 4]},
								"up": {"uv": [10, 146], "uv_size": [2, 4]},
								"down": {"uv": [12, 150], "uv_size": [2, -4]}
							}
						}
					]
				},
				{
					"name": "lleg3b",
					"parent": "lleg2",
					"pivot": [10.44, -12.68, 12.76],
					"rotation": [0, -5, 5],
					"cubes": [
						{
							"origin": [9.28, -18.84, 5.8],
							"size": [2.32, 4.64, 9.28],
							"uv": {
								"north": {"uv": [12, 136], "uv_size": [2, 4]},
								"east": {"uv": [4, 136], "uv_size": [8, 4]},
								"south": {"uv": [22, 136], "uv_size": [2, 4]},
								"west": {"uv": [14, 136], "uv_size": [8, 4]},
								"up": {"uv": [12, 128], "uv_size": [2, 8]},
								"down": {"uv": [14, 136], "uv_size": [2, -8]}
							}
						}
					]
				},
				{
					"name": "lleg3b2",
					"parent": "lleg3b",
					"pivot": [10.44, -12.68, 5.8],
					"rotation": [10, 0, 0],
					"cubes": [
						{
							"origin": [9.28, -18.84, 1.16],
							"size": [2.32, 4.64, 4.64],
							"uv": {
								"north": {"uv": [10, 150], "uv_size": [2, 4]},
								"east": {"uv": [6, 150], "uv_size": [4, 4]},
								"south": {"uv": [16, 150], "uv_size": [2, 4]},
								"west": {"uv": [12, 150], "uv_size": [4, 4]},
								"up": {"uv": [10, 146], "uv_size": [2, 4]},
								"down": {"uv": [12, 150], "uv_size": [2, -4]}
							}
						}
					]
				},
				{
					"name": "lleg3c",
					"parent": "lleg2",
					"pivot": [5.8, -12.68, 12.76],
					"rotation": [0, 5, -5],
					"cubes": [
						{
							"origin": [4.64, -18.84, 5.8],
							"size": [2.32, 4.64, 9.28],
							"uv": {
								"north": {"uv": [12, 136], "uv_size": [2, 4]},
								"east": {"uv": [4, 136], "uv_size": [8, 4]},
								"south": {"uv": [22, 136], "uv_size": [2, 4]},
								"west": {"uv": [14, 136], "uv_size": [8, 4]},
								"up": {"uv": [12, 128], "uv_size": [2, 8]},
								"down": {"uv": [14, 136], "uv_size": [2, -8]}
							}
						}
					]
				},
				{
					"name": "lleg3c3",
					"parent": "lleg3c",
					"pivot": [5.8, -12.68, 5.8],
					"rotation": [10, 0, 0],
					"cubes": [
						{
							"origin": [4.64, -18.84, 1.16],
							"size": [2.32, 4.64, 4.64],
							"uv": {
								"north": {"uv": [10, 150], "uv_size": [2, 4]},
								"east": {"uv": [6, 150], "uv_size": [4, 4]},
								"south": {"uv": [16, 150], "uv_size": [2, 4]},
								"west": {"uv": [12, 150], "uv_size": [4, 4]},
								"up": {"uv": [10, 146], "uv_size": [2, 4]},
								"down": {"uv": [12, 150], "uv_size": [2, -4]}
							}
						}
					]
				},
				{
					"name": "rightleg",
					"parent": "bodydragon",
					"pivot": [-8.12, 9.68, 17.4],
					"rotation": [81.71658, 15.46973, 61.37298]
				},
				{
					"name": "rleg1",
					"parent": "rightleg",
					"pivot": [-8.12, 8.52, 17.4],
					"cubes": [
						{
							"origin": [-11.6, -3.20179, 4.64615],
							"size": [6.96, 16.24, 9.28],
							"pivot": [-1.16, -33.6, -15.08],
							"rotation": [-10, 0, 0],
							"uv": {
								"north": {"uv": [8, 54], "uv_size": [6, 14]},
								"east": {"uv": [0, 54], "uv_size": [8, 14]},
								"south": {"uv": [22, 54], "uv_size": [6, 14]},
								"west": {"uv": [14, 54], "uv_size": [8, 14]},
								"up": {"uv": [8, 46], "uv_size": [6, 8]},
								"down": {"uv": [14, 54], "uv_size": [6, -8]}
							}
						}
					]
				},
				{
					"name": "rleg2",
					"parent": "rleg1",
					"pivot": [-8.12, -1.92, 19.72],
					"cubes": [
						{
							"origin": [-10.44, -6.94929, -2.01086],
							"size": [4.64, 16.24, 4.64],
							"pivot": [-1.16, -34.76, -16.24],
							"rotation": [-30, 0, 0],
							"uv": {
								"north": {"uv": [34, 50], "uv_size": [4, 14]},
								"east": {"uv": [30, 50], "uv_size": [4, 14]},
								"south": {"uv": [42, 50], "uv_size": [4, 14]},
								"west": {"uv": [38, 50], "uv_size": [4, 14]},
								"up": {"uv": [34, 46], "uv_size": [4, 4]},
								"down": {"uv": [38, 50], "uv_size": [4, -4]}
							}
						}
					]
				},
				{
					"name": "rleg3a",
					"parent": "rleg2",
					"pivot": [-8.12, -13.52, 11.6],
					"cubes": [
						{
							"origin": [-9.28, -20.028, 4.64],
							"size": [2.32, 4.64, 9.28],
							"uv": {
								"north": {"uv": [12, 136], "uv_size": [2, 4]},
								"east": {"uv": [4, 136], "uv_size": [8, 4]},
								"south": {"uv": [22, 136], "uv_size": [2, 4]},
								"west": {"uv": [14, 136], "uv_size": [8, 4]},
								"up": {"uv": [12, 128], "uv_size": [2, 8]},
								"down": {"uv": [14, 136], "uv_size": [2, -8]}
							}
						}
					]
				},
				{
					"name": "rleg3a1",
					"parent": "rleg3a",
					"pivot": [-8.12, -13.52, 4.64],
					"rotation": [10, 0, 0],
					"cubes": [
						{
							"origin": [-9.28, -20.028, 0],
							"size": [2.32, 4.64, 4.64],
							"uv": {
								"north": {"uv": [10, 150], "uv_size": [2, 4]},
								"east": {"uv": [6, 150], "uv_size": [4, 4]},
								"south": {"uv": [16, 150], "uv_size": [2, 4]},
								"west": {"uv": [12, 150], "uv_size": [4, 4]},
								"up": {"uv": [10, 146], "uv_size": [2, 4]},
								"down": {"uv": [12, 150], "uv_size": [2, -4]}
							}
						}
					]
				},
				{
					"name": "rleg3b",
					"parent": "rleg2",
					"pivot": [-10.44, -14.68, 12.76],
					"rotation": [0, 5, -5],
					"cubes": [
						{
							"origin": [-11.6, -20.84, 5.8],
							"size": [2.32, 4.64, 9.28],
							"uv": {
								"north": {"uv": [12, 136], "uv_size": [2, 4]},
								"east": {"uv": [4, 136], "uv_size": [8, 4]},
								"south": {"uv": [22, 136], "uv_size": [2, 4]},
								"west": {"uv": [14, 136], "uv_size": [8, 4]},
								"up": {"uv": [12, 128], "uv_size": [2, 8]},
								"down": {"uv": [14, 136], "uv_size": [2, -8]}
							}
						}
					]
				},
				{
					"name": "rleg3a2",
					"parent": "rleg3b",
					"pivot": [-11.6, -14.68, 5.8],
					"rotation": [10, 0, 0],
					"cubes": [
						{
							"origin": [-11.6, -20.84, 1.16],
							"size": [2.32, 4.64, 4.64],
							"uv": {
								"north": {"uv": [10, 150], "uv_size": [2, 4]},
								"east": {"uv": [6, 150], "uv_size": [4, 4]},
								"south": {"uv": [16, 150], "uv_size": [2, 4]},
								"west": {"uv": [12, 150], "uv_size": [4, 4]},
								"up": {"uv": [10, 146], "uv_size": [2, 4]},
								"down": {"uv": [12, 150], "uv_size": [2, -4]}
							}
						}
					]
				},
				{
					"name": "rleg3c",
					"parent": "rleg2",
					"pivot": [-5.8, -14.68, 12.76],
					"rotation": [0, -5, 5],
					"cubes": [
						{
							"origin": [-6.96, -20.84, 5.8],
							"size": [2.32, 4.64, 9.28],
							"uv": {
								"north": {"uv": [12, 136], "uv_size": [2, 4]},
								"east": {"uv": [4, 136], "uv_size": [8, 4]},
								"south": {"uv": [22, 136], "uv_size": [2, 4]},
								"west": {"uv": [14, 136], "uv_size": [8, 4]},
								"up": {"uv": [12, 128], "uv_size": [2, 8]},
								"down": {"uv": [14, 136], "uv_size": [2, -8]}
							}
						}
					]
				},
				{
					"name": "rleg3c3",
					"parent": "rleg3c",
					"pivot": [-5.8, -14.68, 5.8],
					"rotation": [10, 0, 0],
					"cubes": [
						{
							"origin": [-6.96, -20.84, 1.16],
							"size": [2.32, 4.64, 4.64],
							"uv": {
								"north": {"uv": [10, 150], "uv_size": [2, 4]},
								"east": {"uv": [6, 150], "uv_size": [4, 4]},
								"south": {"uv": [16, 150], "uv_size": [2, 4]},
								"west": {"uv": [12, 150], "uv_size": [4, 4]},
								"up": {"uv": [10, 146], "uv_size": [2, 4]},
								"down": {"uv": [12, 150], "uv_size": [2, -4]}
							}
						}
					]
				}
			]
		}
	]
}