{
	"format_version": "1.12.0",
	"minecraft:geometry": [
		{
			"description": {
				"identifier": "geometry.Electric",
				"texture_width": 512,
				"texture_height": 256,
				"visible_bounds_width": 20,
				"visible_bounds_height": 9,
				"visible_bounds_offset": [0, 1.5, 0]
			},
			"bones": [
				{
					"name": "bodydragon",
					"pivot": [0, 9, 0]
				}, 
				{
					"name": "bd",
					"parent": "bodydragon",
					"pivot": [0, 15, 22.8]
				}, 
				{
					"name": "bda",
					"parent": "bd",
					"pivot": [0, 15, 22.8],
					"cubes": [
						{
							"origin": [-1.2, -1.39424, 29.90437],
							"size": [2.4, 2.4, 9.6],
							"pivot": [0, -16.2, 0],
							"rotation": [45, 0, 0],
							"uv": {
								"north": {"uv": [50, 74], "uv_size": [2, 2]},
								"east": {"uv": [44, 74], "uv_size": [6, 2]},
								"south": {"uv": [58, 74], "uv_size": [2, 2]},
								"west": {"uv": [52, 74], "uv_size": [6, 2]},
								"up": {"uv": [50, 68], "uv_size": [2, 6]},
								"down": {"uv": [52, 74], "uv_size": [2, -6]}
							}
						}, 
						{
							"origin": [-1.2, -7.33394, 34.14701],
							"size": [2.4, 2.4, 9.6],
							"pivot": [0, -16.2, 0],
							"rotation": [45, 0, 0],
							"uv": {
								"north": {"uv": [50, 74], "uv_size": [2, 2]},
								"east": {"uv": [44, 74], "uv_size": [6, 2]},
								"south": {"uv": [58, 74], "uv_size": [2, 2]},
								"west": {"uv": [52, 74], "uv_size": [6, 2]},
								"up": {"uv": [50, 68], "uv_size": [2, 6]},
								"down": {"uv": [52, 74], "uv_size": [2, -6]}
							}
						}, 
						{
							"origin": [-8.4, 5.08168, 2.30911],
							"size": [16.8, 14.4, 16.8],
							"pivot": [0, -30.6, -14.4],
							"rotation": [-5, 0, 0],
							"uv": {
								"north": {"uv": [200, 108], "uv_size": [14, 12]},
								"east": {"uv": [186, 108], "uv_size": [14, 12]},
								"south": {"uv": [228, 108], "uv_size": [14, 12]},
								"west": {"uv": [214, 108], "uv_size": [14, 12]},
								"up": {"uv": [200, 94], "uv_size": [14, 14]},
								"down": {"uv": [214, 108], "uv_size": [14, -14]}
							}
						}
					]
				}, 
				{
					"name": "bdb",
					"parent": "bda",
					"pivot": [0, 16.2, 6],
					"rotation": [5, 0, 0],
					"cubes": [
						{
							"origin": [-1.2, 2.49692, 25.31026],
							"size": [2.4, 2.4, 10.8],
							"pivot": [0, -16.2, -1.2],
							"rotation": [45, 0, 0],
							"uv": {
								"north": {"uv": [50, 74], "uv_size": [2, 2]},
								"east": {"uv": [44, 74], "uv_size": [6, 2]},
								"south": {"uv": [58, 74], "uv_size": [2, 2]},
								"west": {"uv": [52, 74], "uv_size": [6, 2]},
								"up": {"uv": [50, 68], "uv_size": [2, 6]},
								"down": {"uv": [52, 74], "uv_size": [2, -6]}
							}
						}, 
						{
							"origin": [-1.2, 6.73956, 21.06762],
							"size": [2.4, 2.4, 9.6],
							"pivot": [0, -16.2, -1.2],
							"rotation": [45, 0, 0],
							"uv": {
								"north": {"uv": [50, 74], "uv_size": [2, 2]},
								"east": {"uv": [44, 74], "uv_size": [6, 2]},
								"south": {"uv": [58, 74], "uv_size": [2, 2]},
								"west": {"uv": [52, 74], "uv_size": [6, 2]},
								"up": {"uv": [50, 68], "uv_size": [2, 6]},
								"down": {"uv": [52, 74], "uv_size": [2, -6]}
							}
						}, 
						{
							"origin": [-1.2, 10.68912, 17.01326],
							"size": [2.4, 2.4, 7.2],
							"pivot": [0, -16.2, -1.2],
							"rotation": [45, 0, 0],
							"uv": {
								"north": {"uv": [72, 72], "uv_size": [2, 2]},
								"east": {"uv": [68, 72], "uv_size": [4, 2]},
								"south": {"uv": [78, 72], "uv_size": [2, 2]},
								"west": {"uv": [74, 72], "uv_size": [4, 2]},
								"up": {"uv": [72, 68], "uv_size": [2, 4]},
								"down": {"uv": [74, 72], "uv_size": [2, -4]}
							}
						}, 
						{
							"origin": [-7.2, 0.8862, -9.5863],
							"size": [14.4, 16.8, 16.8],
							"uv": {
								"north": {"uv": [148, 108], "uv_size": [12, 14]},
								"east": {"uv": [134, 108], "uv_size": [14, 14]},
								"south": {"uv": [174, 108], "uv_size": [12, 14]},
								"west": {"uv": [160, 108], "uv_size": [14, 14]},
								"up": {"uv": [148, 94], "uv_size": [12, 14]},
								"down": {"uv": [160, 108], "uv_size": [12, -14]}
							}
						}
					]
				}, 
				{
					"name": "neck",
					"parent": "bdb",
					"pivot": [0, 14.58934, -7.41086],
					"rotation": [4.43745, 2.30644, -27.41063]
				}, 
				{
					"name": "neck1",
					"parent": "neck",
					"pivot": [0, 14.58934, -7.41086],
					"cubes": [
						{
							"origin": [-1.2, 13.69949, 16.26954],
							"size": [2.4, 2.4, 7.2],
							"pivot": [0, -21.05432, -1.09519],
							"rotation": [45, 0, 0],
							"uv": {
								"north": {"uv": [72, 72], "uv_size": [2, 2]},
								"east": {"uv": [68, 72], "uv_size": [4, 2]},
								"south": {"uv": [78, 72], "uv_size": [2, 2]},
								"west": {"uv": [74, 72], "uv_size": [4, 2]},
								"up": {"uv": [72, 68], "uv_size": [2, 4]},
								"down": {"uv": [74, 72], "uv_size": [2, -4]}
							}
						}, 
						{
							"origin": [-6, 3.06929, -17.01086],
							"size": [12, 14.4, 9.6],
							"uv": {
								"north": {"uv": [118, 94], "uv_size": [10, 12]},
								"east": {"uv": [110, 94], "uv_size": [8, 12]},
								"south": {"uv": [136, 94], "uv_size": [10, 12]},
								"west": {"uv": [128, 94], "uv_size": [8, 12]},
								"up": {"uv": [118, 86], "uv_size": [10, 8]},
								"down": {"uv": [128, 94], "uv_size": [10, -8]}
							}
						}
					]
				}, 
				{
					"name": "neck2",
					"parent": "neck1",
					"pivot": [0, 15.58097, -14.62909],
					"rotation": [-4.62111, -1.91134, -22.42287],
					"cubes": [
						{
							"origin": [-1.2, 13.69189, 8.835],
							"size": [2.4, 2.4, 8.4],
							"pivot": [0, -22.46269, -5.91342],
							"rotation": [45, 0, 0],
							"uv": {
								"north": {"uv": [72, 72], "uv_size": [2, 2]},
								"east": {"uv": [68, 72], "uv_size": [4, 2]},
								"south": {"uv": [78, 72], "uv_size": [2, 2]},
								"west": {"uv": [74, 72], "uv_size": [4, 2]},
								"up": {"uv": [72, 68], "uv_size": [2, 4]},
								"down": {"uv": [74, 72], "uv_size": [2, -4]}
							}
						}, 
						{
							"origin": [-1.2, 18.18302, 3.74384],
							"size": [2.4, 2.4, 7.2],
							"pivot": [0, -22.46269, -5.91342],
							"rotation": [45, 0, 0],
							"uv": {
								"north": {"uv": [72, 72], "uv_size": [2, 2]},
								"east": {"uv": [68, 72], "uv_size": [4, 2]},
								"south": {"uv": [78, 72], "uv_size": [2, 2]},
								"west": {"uv": [74, 72], "uv_size": [4, 2]},
								"up": {"uv": [72, 68], "uv_size": [2, 4]},
								"down": {"uv": [74, 72], "uv_size": [2, -4]}
							}
						}, 
						{
							"origin": [-4.8, 3.522, -28.02617],
							"size": [9.6, 12, 16.8],
							"pivot": [0, -32.41903, -20.62909],
							"rotation": [5, 0, 0],
							"uv": {
								"north": {"uv": [60, 92], "uv_size": [8, 10]},
								"east": {"uv": [46, 92], "uv_size": [14, 10]},
								"south": {"uv": [82, 92], "uv_size": [8, 10]},
								"west": {"uv": [68, 92], "uv_size": [14, 10]},
								"up": {"uv": [60, 78], "uv_size": [8, 14]},
								"down": {"uv": [68, 92], "uv_size": [8, -14]}
							}
						}
					]
				}, 
				{
					"name": "neck3",
					"parent": "neck2",
					"pivot": [0, 13.08095, -29.13824],
					"rotation": [-4.88206, -1.08089, -12.45392],
					"cubes": [
						{
							"origin": [-3.6, 4.6158, -45.28576],
							"size": [7.2, 9.6, 19.2],
							"pivot": [0, -33.71905, -19.53824],
							"rotation": [5, 0, 0],
							"uv": {
								"north": {"uv": [64, 142], "uv_size": [6, 8]},
								"east": {"uv": [48, 142], "uv_size": [16, 8]},
								"south": {"uv": [86, 142], "uv_size": [6, 8]},
								"west": {"uv": [70, 142], "uv_size": [16, 8]},
								"up": {"uv": [64, 126], "uv_size": [6, 16]},
								"down": {"uv": [70, 142], "uv_size": [6, -16]}
							}
						}, 
						{
							"origin": [-1.2, 21.97657, -2.25132],
							"size": [2.4, 2.4, 7.2],
							"pivot": [0, -23.76271, -4.82257],
							"rotation": [45, 0, 0],
							"uv": {
								"north": {"uv": [72, 72], "uv_size": [2, 2]},
								"east": {"uv": [68, 72], "uv_size": [4, 2]},
								"south": {"uv": [78, 72], "uv_size": [2, 2]},
								"west": {"uv": [74, 72], "uv_size": [4, 2]},
								"up": {"uv": [72, 68], "uv_size": [2, 4]},
								"down": {"uv": [74, 72], "uv_size": [2, -4]}
							}
						}, 
						{
							"origin": [-1.2, 27.06774, -7.34249],
							"size": [2.4, 2.4, 7.2],
							"pivot": [0, -23.76271, -4.82257],
							"rotation": [45, 0, 0],
							"uv": {
								"north": {"uv": [72, 72], "uv_size": [2, 2]},
								"east": {"uv": [68, 72], "uv_size": [4, 2]},
								"south": {"uv": [78, 72], "uv_size": [2, 2]},
								"west": {"uv": [74, 72], "uv_size": [4, 2]},
								"up": {"uv": [72, 68], "uv_size": [2, 4]},
								"down": {"uv": [74, 72], "uv_size": [2, -4]}
							}
						}
					]
				}, 
				{
					"name": "head",
					"parent": "neck3",
					"pivot": [-2, 10.38702, -45.73195],
					"rotation": [19.37006, 5.07855, -14.13272]
				}, 
				{
					"name": "heads",
					"parent": "head",
					"pivot": [-2, 10.1961, -46.55809],
					"rotation": [-10, 0, 0],
					"cubes": [
						{
							"origin": [12.59342, 23.50676, -17.99389],
							"size": [2.4, 4.8, 9.6],
							"pivot": [-2, -24.6039, -5.75809],
							"rotation": [40, 20, 5],
							"uv": {
								"north": {"uv": [126, 76], "uv_size": [2, 4]},
								"east": {"uv": [118, 76], "uv_size": [8, 4]},
								"south": {"uv": [136, 76], "uv_size": [2, 4]},
								"west": {"uv": [128, 76], "uv_size": [8, 4]},
								"up": {"uv": [126, 68], "uv_size": [2, 8]},
								"down": {"uv": [128, 76], "uv_size": [2, -8]}
							}
						}, 
						{
							"origin": [10.6642, 8.02547, -42.01343],
							"size": [2.4, 2.4, 9.6],
							"pivot": [-2, -24.6039, -5.75809],
							"rotation": [10, 20, 10],
							"uv": {
								"north": {"uv": [80, 64], "uv_size": [2, 2]},
								"east": {"uv": [72, 64], "uv_size": [8, 2]},
								"south": {"uv": [90, 64], "uv_size": [2, 2]},
								"west": {"uv": [82, 64], "uv_size": [8, 2]},
								"up": {"uv": [80, 56], "uv_size": [2, 8]},
								"down": {"uv": [82, 64], "uv_size": [2, -8]}
							}
						}, 
						{
							"origin": [10.6642, 11.62547, -42.01343],
							"size": [2.4, 2.4, 7.2],
							"pivot": [-2, -24.6039, -5.75809],
							"rotation": [10, 20, 10],
							"uv": {
								"north": {"uv": [80, 64], "uv_size": [2, 2]},
								"east": {"uv": [72, 64], "uv_size": [8, 2]},
								"south": {"uv": [90, 64], "uv_size": [2, 2]},
								"west": {"uv": [82, 64], "uv_size": [8, 2]},
								"up": {"uv": [80, 56], "uv_size": [2, 8]},
								"down": {"uv": [82, 64], "uv_size": [2, -8]}
							}
						}, 
						{
							"origin": [-18.99342, 23.46016, -18.28091],
							"size": [2.4, 4.8, 9.6],
							"pivot": [-2, -24.6039, -5.75809],
							"rotation": [40, -20, -5],
							"uv": {
								"north": {"uv": [126, 76], "uv_size": [2, 4]},
								"east": {"uv": [118, 76], "uv_size": [8, 4]},
								"south": {"uv": [136, 76], "uv_size": [2, 4]},
								"west": {"uv": [128, 76], "uv_size": [8, 4]},
								"up": {"uv": [126, 68], "uv_size": [2, 8]},
								"down": {"uv": [128, 76], "uv_size": [2, -8]}
							}
						}, 
						{
							"origin": [-30.80024, 11.19534, -41.47819],
							"size": [2.4, 2.4, 4.8],
							"pivot": [-2, 40.38702, 3.46805],
							"rotation": [10, -20, -10],
							"uv": {
								"north": {"uv": [273, 26], "uv_size": [2, 2]},
								"east": {"uv": [269, 26], "uv_size": [4, 2]},
								"south": {"uv": [279, 26], "uv_size": [2, 2]},
								"west": {"uv": [275, 26], "uv_size": [4, 2]},
								"up": {"uv": [273, 22], "uv_size": [2, 4]},
								"down": {"uv": [275, 26], "uv_size": [2, -4]}
							}
						}, 
						{
							"origin": [-21.33234, 25.78836, -3.95298],
							"size": [1.2, 2.4, 6],
							"pivot": [-2, -24.6039, -5.75809],
							"rotation": [39.46967, -2.91515, 10.00315],
							"uv": {
								"north": {"uv": [98, 78], "uv_size": [2, 2]},
								"east": {"uv": [92, 78], "uv_size": [6, 2]},
								"south": {"uv": [106, 78], "uv_size": [2, 2]},
								"west": {"uv": [100, 78], "uv_size": [6, 2]},
								"up": {"uv": [98, 72], "uv_size": [2, 6]},
								"down": {"uv": [100, 78], "uv_size": [2, -6]}
							}
						}, 
						{
							"origin": [-18.93234, 25.78836, -6.35298],
							"size": [2.4, 2.4, 10.8],
							"pivot": [-2, -24.6039, -5.75809],
							"rotation": [43.87116, -23.64705, -8.68545],
							"uv": {
								"north": {"uv": [98, 78], "uv_size": [2, 2]},
								"east": {"uv": [92, 78], "uv_size": [6, 2]},
								"south": {"uv": [106, 78], "uv_size": [2, 2]},
								"west": {"uv": [100, 78], "uv_size": [6, 2]},
								"up": {"uv": [98, 72], "uv_size": [2, 6]},
								"down": {"uv": [100, 78], "uv_size": [2, -6]}
							}
						}, 
						{
							"origin": [-18.93234, 16.18836, -18.35298],
							"size": [1.2, 2.4, 4.8],
							"pivot": [-2, -24.6039, -5.75809],
							"rotation": [36.37116, -23.64705, -8.68545],
							"uv": {
								"north": {"uv": [98, 78], "uv_size": [2, 2]},
								"east": {"uv": [92, 78], "uv_size": [6, 2]},
								"south": {"uv": [106, 78], "uv_size": [2, 2]},
								"west": {"uv": [100, 78], "uv_size": [6, 2]},
								"up": {"uv": [98, 72], "uv_size": [2, 6]},
								"down": {"uv": [100, 78], "uv_size": [2, -6]}
							}
						}, 
						{
							"origin": [-18.93234, 2.98836, -39.95298],
							"size": [1.2, 2.4, 6],
							"pivot": [-2, -24.6039, -5.75809],
							"rotation": [-3.62884, -23.64705, -8.68545],
							"uv": {
								"north": {"uv": [98, 78], "uv_size": [2, 2]},
								"east": {"uv": [92, 78], "uv_size": [6, 2]},
								"south": {"uv": [106, 78], "uv_size": [2, 2]},
								"west": {"uv": [100, 78], "uv_size": [6, 2]},
								"up": {"uv": [98, 72], "uv_size": [2, 6]},
								"down": {"uv": [100, 78], "uv_size": [2, -6]}
							}
						}, 
						{
							"origin": [21.4204, 46.45698, -43.06039],
							"size": [2.4, 2.4, 4.8],
							"pivot": [4, 40.38702, 3.46805],
							"rotation": [40, 20, 5],
							"uv": {
								"north": {"uv": [273, 26], "uv_size": [2, 2]},
								"east": {"uv": [269, 26], "uv_size": [4, 2]},
								"south": {"uv": [279, 26], "uv_size": [2, 2]},
								"west": {"uv": [275, 26], "uv_size": [4, 2]},
								"up": {"uv": [273, 22], "uv_size": [2, 4]},
								"down": {"uv": [275, 26], "uv_size": [2, -4]}
							}
						}, 
						{
							"origin": [-15.82268, -2.40114, -50.46455],
							"size": [1.2, 2.4, 8.4],
							"pivot": [-2, -24.6039, -5.75809],
							"rotation": [-5, -20, -10],
							"uv": {
								"north": {"uv": [80, 64], "uv_size": [2, 2]},
								"east": {"uv": [72, 64], "uv_size": [8, 2]},
								"south": {"uv": [90, 64], "uv_size": [2, 2]},
								"west": {"uv": [82, 64], "uv_size": [8, 2]},
								"up": {"uv": [80, 56], "uv_size": [2, 8]},
								"down": {"uv": [82, 64], "uv_size": [2, -8]}
							}
						}, 
						{
							"origin": [-17.02268, 10.79886, -42.06455],
							"size": [2.4, 2.4, 9.6],
							"pivot": [-2, -24.6039, -5.75809],
							"rotation": [10, -20, -10],
							"uv": {
								"north": {"uv": [80, 64], "uv_size": [2, 2]},
								"east": {"uv": [72, 64], "uv_size": [8, 2]},
								"south": {"uv": [90, 64], "uv_size": [2, 2]},
								"west": {"uv": [82, 64], "uv_size": [8, 2]},
								"up": {"uv": [80, 56], "uv_size": [2, 8]},
								"down": {"uv": [82, 64], "uv_size": [2, -8]}
							}
						}, 
						{
							"origin": [-28.16744, 47.3553, -45.28699],
							"size": [2.4, 2.4, 4.8],
							"pivot": [-14, 40.38702, 3.46805],
							"rotation": [40, -20, -5],
							"uv": {
								"north": {"uv": [273, 26], "uv_size": [2, 2]},
								"east": {"uv": [269, 26], "uv_size": [4, 2]},
								"south": {"uv": [279, 26], "uv_size": [2, 2]},
								"west": {"uv": [275, 26], "uv_size": [4, 2]},
								"up": {"uv": [273, 22], "uv_size": [2, 4]},
								"down": {"uv": [275, 26], "uv_size": [2, -4]}
							}
						}, 
						{
							"origin": [12.54746, 25.83204, -8.4421],
							"size": [2.4, 2.4, 9.6],
							"pivot": [-2, -24.6039, -5.75809],
							"rotation": [40.61941, 21.90655, 6.73175],
							"uv": {
								"north": {"uv": [98, 78], "uv_size": [2, 2]},
								"east": {"uv": [92, 78], "uv_size": [6, 2]},
								"south": {"uv": [106, 78], "uv_size": [2, 2]},
								"west": {"uv": [100, 78], "uv_size": [6, 2]},
								"up": {"uv": [98, 72], "uv_size": [2, 6]},
								"down": {"uv": [100, 78], "uv_size": [2, -6]}
							}
						}, 
						{
							"origin": [13.74746, 1.83204, -44.4421],
							"size": [1.2, 2.4, 6],
							"pivot": [-2, -24.6039, -5.75809],
							"rotation": [-6.88059, 21.90655, 6.73175],
							"uv": {
								"north": {"uv": [98, 78], "uv_size": [2, 2]},
								"east": {"uv": [92, 78], "uv_size": [6, 2]},
								"south": {"uv": [106, 78], "uv_size": [2, 2]},
								"west": {"uv": [100, 78], "uv_size": [6, 2]},
								"up": {"uv": [98, 72], "uv_size": [2, 6]},
								"down": {"uv": [100, 78], "uv_size": [2, -6]}
							}
						}, 
						{
							"origin": [13.74746, 16.23208, -10.8421],
							"size": [1.2, 2.4, 3.6],
							"pivot": [-2, -24.6039, -5.75809],
							"rotation": [40.61941, 21.90655, 6.73175],
							"uv": {
								"north": {"uv": [98, 78], "uv_size": [2, 2]},
								"east": {"uv": [92, 78], "uv_size": [6, 2]},
								"south": {"uv": [106, 78], "uv_size": [2, 2]},
								"west": {"uv": [100, 78], "uv_size": [6, 2]},
								"up": {"uv": [98, 72], "uv_size": [2, 6]},
								"down": {"uv": [100, 78], "uv_size": [2, -6]}
							}
						}, 
						{
							"origin": [13.74746, 25.83208, -7.2421],
							"size": [1.2, 2.4, 6],
							"pivot": [-2, -24.6039, -5.75809],
							"rotation": [34.97283, 6.10696, -5.94857],
							"uv": {
								"north": {"uv": [98, 78], "uv_size": [2, 2]},
								"east": {"uv": [92, 78], "uv_size": [6, 2]},
								"south": {"uv": [106, 78], "uv_size": [2, 2]},
								"west": {"uv": [100, 78], "uv_size": [6, 2]},
								"up": {"uv": [98, 72], "uv_size": [2, 6]},
								"down": {"uv": [100, 78], "uv_size": [2, -6]}
							}
						}
					]
				}, 
				{
					"name": "head1",
					"parent": "heads",
					"pivot": [-2, 10.1961, -47.75809],
					"cubes": [
						{
							"origin": [-7, 8.33854, -40.32976],
							"size": [10, 8.4, 9.6],
							"pivot": [-2, -36.6039, -20.15809],
							"rotation": [20, 0, 0],
							"uv": {
								"north": {"uv": [20, 116], "uv_size": [10, 7]},
								"east": {"uv": [12, 116], "uv_size": [8, 7]},
								"south": {"uv": [38, 116], "uv_size": [10, 7]},
								"west": {"uv": [30, 116], "uv_size": [8, 7]},
								"up": {"uv": [150, 97], "uv_size": [10, 8]},
								"down": {"uv": [216, 107], "uv_size": [10, -8]}
							}
						}
					]
				}, 
				{
					"name": "umouth",
					"parent": "heads",
					"pivot": [-2, 6.5961, -56.15809],
					"cubes": [
						{
							"origin": [-5.8, 9.69934, -51.72976],
							"size": [7.6, 7.2, 12],
							"pivot": [-2, -36.6039, -20.15809],
							"rotation": [20, 0, 0],
							"uv": {
								"north": {"uv": [22, 98], "uv_size": [8, 6]},
								"east": {"uv": [12, 98], "uv_size": [10, 6]},
								"south": {"uv": [40, 98], "uv_size": [8, 6]},
								"west": {"uv": [30, 98], "uv_size": [10, 6]},
								"up": {"uv": [150, 99], "uv_size": [8, 10]},
								"down": {"uv": [30, 98], "uv_size": [8, -10]}
							}
						}, 
						{
							"origin": [-3.2, 20.05655, -15.11684],
							"size": [2.4, 4.8, 4.8],
							"pivot": [-2, -36.6039, -20.15809],
							"rotation": [55, 0, 0],
							"uv": {
								"north": {"uv": [146, 76], "uv_size": [2, 4]},
								"east": {"uv": [142, 76], "uv_size": [4, 4]},
								"south": {"uv": [152, 76], "uv_size": [2, 4]},
								"west": {"uv": [148, 76], "uv_size": [4, 4]},
								"up": {"uv": [146, 72], "uv_size": [2, 4]},
								"down": {"uv": [148, 76], "uv_size": [2, -4]}
							}
						}, 
						{
							"origin": [-5.84, -3.10384, -65.44],
							"size": [6.68, 2.48, 11.88],
							"inflate": 0.2,
							"pivot": [-2, -0.97973, -55.48835],
							"rotation": [-20, 0, -180],
							"uv": {
								"north": {"uv": [13, 42], "uv_size": [8, 2]},
								"east": {"uv": [4, 42], "uv_size": [9, 2]},
								"south": {"uv": [30, 42], "uv_size": [8, 2]},
								"west": {"uv": [21, 42], "uv_size": [9, 2]},
								"up": {"uv": [13, 33], "uv_size": [8, 9]},
								"down": {"uv": [21, 42], "uv_size": [8, -9]}
							}
						}, 
						{
							"origin": [-3.2, 23.04, -15.92154],
							"size": [2.4, 2.4, 4.8],
							"pivot": [-2, -36.6039, -20.15809],
							"rotation": [50, 0, 0],
							"uv": {
								"north": {"uv": [128, 64], "uv_size": [2, 2]},
								"east": {"uv": [124, 64], "uv_size": [4, 2]},
								"south": {"uv": [134, 64], "uv_size": [2, 2]},
								"west": {"uv": [130, 64], "uv_size": [4, 2]},
								"up": {"uv": [128, 60], "uv_size": [2, 4]},
								"down": {"uv": [130, 64], "uv_size": [2, -4]}
							}
						}
					]
				}, 
				{
					"name": "lmouth",
					"parent": "heads",
					"pivot": [-2, -2.8039, -56.95809],
					"rotation": [67.5, 0, 0],
					"cubes": [
						{
							"origin": [-5.788, -4.91884, -66.63362],
							"size": [7.576, 2.376, 11.976],
							"inflate": -0.06,
							"pivot": [-2, 4.6925, -55.53501],
							"rotation": [20, 0, 0],
							"uv": {
								"north": {"uv": [78, 122], "uv_size": [8, 2]},
								"east": {"uv": [68, 122], "uv_size": [10, 2]},
								"south": {"uv": [96, 122], "uv_size": [8, 2]},
								"west": {"uv": [86, 122], "uv_size": [10, 2]},
								"up": {"uv": [78, 112], "uv_size": [8, 10]},
								"down": {"uv": [86, 122], "uv_size": [-1, -10]}
							}
						}, 
						{
							"origin": [-5.84, 10.67366, -66.58232],
							"size": [7.68, 2.48, 10.88],
							"inflate": 0.2,
							"pivot": [-2, 4.79777, -56.63067],
							"rotation": [-20, 0, -180],
							"uv": {
								"north": {"uv": [13, 42], "uv_size": [8, 2]},
								"east": {"uv": [4, 42], "uv_size": [9, 2]},
								"south": {"uv": [30, 42], "uv_size": [8, 2]},
								"west": {"uv": [21, 42], "uv_size": [9, 2]},
								"up": {"uv": [13, 33], "uv_size": [8, 9]},
								"down": {"uv": [21, 42], "uv_size": [8, -9]}
							}
						}
					]
				}, 
				{
					"name": "right_wing",
					"parent": "bodydragon",
					"pivot": [-4.8, 17.4, 0],
					"rotation": [36.07899, -4.29107, -12.78542]
				}, 
				{
					"name": "rightwing1",
					"parent": "right_wing",
					"pivot": [-4.8, 17.4, 0],
					"rotation": [-32.5, 0, 0],
					"cubes": [
						{
							"origin": [-38.86789, 13.06789, 0],
							"size": [31.2, 0, 22.8],
							"pivot": [0, -15, 0],
							"rotation": [0, 5, 0],
							"uv": {
								"north": {"uv": [286, 231], "uv_size": [26, 0]},
								"east": {"uv": [267, 231], "uv_size": [19, 0]},
								"south": {"uv": [331, 231], "uv_size": [26, 0]},
								"west": {"uv": [312, 231], "uv_size": [19, 0]},
								"up": {"uv": [286, 212], "uv_size": [26, 19]},
								"down": {"uv": [338, 214], "uv_size": [-26, -19]}
							}
						}, 
						{
							"origin": [-31.2, -53.4, -8.4],
							"size": [4.8, 32.4, 9.6],
							"pivot": [0, -15, 0],
							"rotation": [5, 0, 90],
							"uv": {
								"north": {"uv": [348, 70], "uv_size": [4, 27]},
								"east": {"uv": [340, 70], "uv_size": [8, 27]},
								"south": {"uv": [360, 70], "uv_size": [4, 27]},
								"west": {"uv": [352, 70], "uv_size": [8, 27]},
								"up": {"uv": [348, 62], "uv_size": [4, 8]},
								"down": {"uv": [352, 70], "uv_size": [4, -8]}
							}
						}
					]
				}, 
				{
					"name": "rightwing2",
					"parent": "rightwing1",
					"pivot": [-38.25835, 17.8104, 1.12948],
					"rotation": [0, -5, 0],
					"cubes": [
						{
							"origin": [-85.8828, 11.4342, -39.96024],
							"size": [4.8, 4.8, 2.4],
							"pivot": [-75.45924, 13.44444, -38.81808],
							"rotation": [0, -55, 0],
							"uv": {
								"north": {"uv": [258, 106], "uv_size": [4, 4]},
								"east": {"uv": [256, 106], "uv_size": [2, 4]},
								"south": {"uv": [264, 106], "uv_size": [4, 4]},
								"west": {"uv": [262, 106], "uv_size": [2, 4]},
								"up": {"uv": [258, 104], "uv_size": [4, 2]},
								"down": {"uv": [262, 106], "uv_size": [4, -2]}
							}
						}, 
						{
							"origin": [-81.61428, 11.44128, -40.92235],
							"size": [4.8, 4.8, 2.4],
							"pivot": [-76.65926, 13.44442, -38.81813],
							"rotation": [0, -55, 0],
							"uv": {
								"north": {"uv": [258, 90], "uv_size": [4, 4]},
								"east": {"uv": [256, 90], "uv_size": [2, 4]},
								"south": {"uv": [264, 90], "uv_size": [4, 4]},
								"west": {"uv": [262, 90], "uv_size": [2, 4]},
								"up": {"uv": [258, 88], "uv_size": [4, 2]},
								"down": {"uv": [262, 90], "uv_size": [4, -2]}
							}
						}, 
						{
							"origin": [-31.2, -97.76825, 24.83447],
							"size": [4.8, 60, 7.2],
							"pivot": [0, -15, 0],
							"rotation": [-45, 0, 90],
							"uv": {
								"north": {"uv": [384, 55], "uv_size": [4, 50]},
								"east": {"uv": [378, 55], "uv_size": [6, 50]},
								"south": {"uv": [394, 55], "uv_size": [4, 50]},
								"west": {"uv": [388, 55], "uv_size": [6, 50]},
								"up": {"uv": [384, 49], "uv_size": [4, 6]},
								"down": {"uv": [388, 55], "uv_size": [4, -6]}
							}
						}
					]
				}, 
				{
					"name": "rigtwing3",
					"parent": "rightwing2",
					"pivot": [-76.8, 17.4, -36],
					"cubes": [
						{
							"origin": [26.0377, 13.8, 10.46722],
							"size": [36, 0, 56.4],
							"pivot": [0, -15, 0],
							"rotation": [0, -130, 0],
							"uv": {
								"north": {"uv": [213, 233], "uv_size": [30, 0]},
								"east": {"uv": [166, 233], "uv_size": [47, 0]},
								"south": {"uv": [290, 233], "uv_size": [30, 0]},
								"west": {"uv": [243, 233], "uv_size": [47, 0]},
								"up": {"uv": [243, 186], "uv_size": [-30, 47]},
								"down": {"uv": [243, 233], "uv_size": [30, -47]}
							}
						}, 
						{
							"origin": [-30, -14.86825, -61.79328],
							"size": [2.4, 43.2, 4.8],
							"pivot": [0, -15, 0],
							"rotation": [105, 0, 90],
							"uv": {
								"north": {"uv": [294, 50], "uv_size": [2, 36]},
								"east": {"uv": [290, 50], "uv_size": [4, 36]},
								"south": {"uv": [300, 50], "uv_size": [2, 36]},
								"west": {"uv": [296, 50], "uv_size": [4, 36]},
								"up": {"uv": [294, 46], "uv_size": [2, 4]},
								"down": {"uv": [296, 50], "uv_size": [2, -4]}
							}
						}, 
						{
							"origin": [-30, -35.11584, -61.31879],
							"size": [2.4, 36, 4.8],
							"pivot": [0, -15, 0],
							"rotation": [110, 0, 90],
							"uv": {
								"north": {"uv": [294, 50], "uv_size": [2, 30]},
								"east": {"uv": [290, 50], "uv_size": [4, 30]},
								"south": {"uv": [300, 50], "uv_size": [2, 30]},
								"west": {"uv": [296, 50], "uv_size": [4, 30]},
								"up": {"uv": [294, 46], "uv_size": [2, 4]},
								"down": {"uv": [296, 50], "uv_size": [2, -4]}
							}
						}
					]
				}, 
				{
					"name": "rightwing4",
					"parent": "rigtwing3",
					"pivot": [-78, 17.4, -34.8],
					"cubes": [
						{
							"origin": [-30, -72.00148, -87.39871],
							"size": [2.4, 36, 4.8],
							"pivot": [0, -15, 0],
							"rotation": [80, 0, 90],
							"uv": {
								"north": {"uv": [294, 50], "uv_size": [2, 30]},
								"east": {"uv": [290, 50], "uv_size": [4, 30]},
								"south": {"uv": [300, 50], "uv_size": [2, 30]},
								"west": {"uv": [296, 50], "uv_size": [4, 30]},
								"up": {"uv": [294, 46], "uv_size": [2, 4]},
								"down": {"uv": [296, 50], "uv_size": [2, -4]}
							}
						}, 
						{
							"origin": [59.08729, 13.8, -22.60176],
							"size": [43.2, 0, 76.8],
							"pivot": [0, -15, 0],
							"rotation": [0, -165, 0],
							"uv": {
								"north": {"uv": [107, 249], "uv_size": [36, 0]},
								"east": {"uv": [43, 249], "uv_size": [64, 0]},
								"south": {"uv": [207, 249], "uv_size": [36, 0]},
								"west": {"uv": [143, 249], "uv_size": [64, 0]},
								"up": {"uv": [143, 185], "uv_size": [-36, 64]},
								"down": {"uv": [143, 249], "uv_size": [36, -64]}
							}
						}, 
						{
							"origin": [-30, -55.31578, -81.57988],
							"size": [2.4, 43.2, 4.8],
							"pivot": [0, -15, 0],
							"rotation": [70, 0, 90],
							"uv": {
								"north": {"uv": [294, 50], "uv_size": [2, 36]},
								"east": {"uv": [290, 50], "uv_size": [4, 36]},
								"south": {"uv": [300, 50], "uv_size": [2, 36]},
								"west": {"uv": [296, 50], "uv_size": [4, 36]},
								"up": {"uv": [294, 46], "uv_size": [2, 4]},
								"down": {"uv": [296, 50], "uv_size": [2, -4]}
							}
						}
					]
				}, 
				{
					"name": "rightwing5",
					"parent": "rightwing4",
					"pivot": [-74.4, 18.6, -33.6],
					"cubes": [
						{
							"origin": [-30, -129.12012, -79.21998],
							"size": [2.4, 39.6, 4.8],
							"pivot": [0, -15, 0],
							"rotation": [40, 0, 90],
							"uv": {
								"north": {"uv": [294, 49], "uv_size": [2, 33]},
								"east": {"uv": [290, 49], "uv_size": [4, 33]},
								"south": {"uv": [300, 49], "uv_size": [2, 33]},
								"west": {"uv": [296, 49], "uv_size": [4, 33]},
								"up": {"uv": [294, 45], "uv_size": [2, 4]},
								"down": {"uv": [296, 49], "uv_size": [2, -4]}
							}
						}, 
						{
							"origin": [-30, -101.33214, -72.24044],
							"size": [2.4, 43.2, 4.8],
							"pivot": [0, -15, 0],
							"rotation": [35, 0, 90],
							"uv": {
								"north": {"uv": [294, 50], "uv_size": [2, 36]},
								"east": {"uv": [290, 50], "uv_size": [4, 36]},
								"south": {"uv": [300, 50], "uv_size": [2, 36]},
								"west": {"uv": [296, 50], "uv_size": [4, 36]},
								"up": {"uv": [294, 46], "uv_size": [2, 4]},
								"down": {"uv": [296, 50], "uv_size": [2, -4]}
							}
						}, 
						{
							"origin": [78.41213, 13.8, -65.9658],
							"size": [43.2, 0, 76.8],
							"pivot": [0, -15, 0],
							"rotation": [0, 160, 0],
							"uv": {
								"north": {"uv": [109, 251], "uv_size": [36, 0]},
								"east": {"uv": [45, 251], "uv_size": [64, 0]},
								"south": {"uv": [209, 251], "uv_size": [36, 0]},
								"west": {"uv": [145, 251], "uv_size": [64, 0]},
								"up": {"uv": [145, 187], "uv_size": [-36, 64]},
								"down": {"uv": [145, 251], "uv_size": [36, -64]}
							}
						}
					]
				}, 
				{
					"name": "rightwing6",
					"parent": "rightwing5",
					"pivot": [-75.6, 18.6, -36],
					"cubes": [
						{
							"origin": [-30, -134.12017, -38.80771],
							"size": [2.4, 43.2, 4.8],
							"pivot": [0, -15, 0],
							"rotation": [0, 0, 90],
							"uv": {
								"north": {"uv": [294, 50], "uv_size": [2, 36]},
								"east": {"uv": [290, 50], "uv_size": [4, 36]},
								"south": {"uv": [300, 50], "uv_size": [2, 36]},
								"west": {"uv": [296, 50], "uv_size": [4, 36]},
								"up": {"uv": [294, 46], "uv_size": [2, 4]},
								"down": {"uv": [296, 50], "uv_size": [2, -4]}
							}
						}, 
						{
							"origin": [-30, -163.44102, -49.0221],
							"size": [2.4, 40.8, 4.8],
							"pivot": [0, -15, 0],
							"rotation": [5, 0, 90],
							"uv": {
								"north": {"uv": [294, 50], "uv_size": [2, 34]},
								"east": {"uv": [290, 50], "uv_size": [4, 34]},
								"south": {"uv": [300, 50], "uv_size": [2, 34]},
								"west": {"uv": [296, 50], "uv_size": [4, 34]},
								"up": {"uv": [294, 46], "uv_size": [2, 4]},
								"down": {"uv": [296, 50], "uv_size": [2, -4]}
							}
						}, 
						{
							"origin": [69.86609, 13.8, -114.43276],
							"size": [43.2, 0, 76.8],
							"pivot": [0, -15, 0],
							"rotation": [0, 125, 0],
							"uv": {
								"north": {"uv": [114, 250], "uv_size": [36, 0]},
								"east": {"uv": [50, 250], "uv_size": [64, 0]},
								"south": {"uv": [214, 250], "uv_size": [36, 0]},
								"west": {"uv": [150, 250], "uv_size": [64, 0]},
								"up": {"uv": [145, 186], "uv_size": [-36, 64]},
								"down": {"uv": [150, 250], "uv_size": [36, -64]}
							}
						}
					]
				}, 
				{
					"name": "left_wing",
					"parent": "bodydragon",
					"pivot": [3.6, 17.4, 0],
					"rotation": [50.25643, 1.3868, 7.70256]
				}, 
				{
					"name": "leftwing1",
					"parent": "left_wing",
					"pivot": [4.8, 17.4, 0],
					"rotation": [-47.5, 0, 0],
					"cubes": [
						{
							"origin": [7.44026, 13.06789, -0.76246],
							"size": [31.2, 0, 24],
							"pivot": [0, -15, 0],
							"rotation": [0, -5, 0],
							"uv": {
								"north": {"uv": [312, 212], "uv_size": [26, 0]},
								"east": {"uv": [293, 212], "uv_size": [19, 0]},
								"south": {"uv": [357, 212], "uv_size": [26, 0]},
								"west": {"uv": [338, 212], "uv_size": [19, 0]},
								"up": {"uv": [312, 193], "uv_size": [26, 19]},
								"down": {"uv": [338, 212], "uv_size": [26, -19]}
							}
						}, 
						{
							"origin": [-31.2, -9, -8.4],
							"size": [4.8, 32.4, 9.6],
							"pivot": [0, -15, 0],
							"rotation": [-5, 0, 90],
							"uv": {
								"north": {"uv": [348, 70], "uv_size": [4, 27]},
								"east": {"uv": [340, 70], "uv_size": [8, 27]},
								"south": {"uv": [360, 70], "uv_size": [4, 27]},
								"west": {"uv": [352, 70], "uv_size": [8, 27]},
								"up": {"uv": [348, 62], "uv_size": [4, 8]},
								"down": {"uv": [352, 70], "uv_size": [4, -8]}
							}
						}
					]
				}, 
				{
					"name": "leftwing2",
					"parent": "leftwing1",
					"pivot": [38.4, 17.4, 1.2],
					"rotation": [0, 5, 0],
					"cubes": [
						{
							"origin": [68.9739, 11.39982, -39.3293],
							"size": [4.8, 4.8, 2.4],
							"pivot": [75.57703, 12.99018, -38.1375],
							"rotation": [0, -125, 0],
							"uv": {
								"north": {"uv": [258, 90], "uv_size": [4, 4]},
								"east": {"uv": [256, 90], "uv_size": [2, 4]},
								"south": {"uv": [264, 90], "uv_size": [4, 4]},
								"west": {"uv": [262, 90], "uv_size": [2, 4]},
								"up": {"uv": [258, 88], "uv_size": [4, 2]},
								"down": {"uv": [262, 90], "uv_size": [4, -2]}
							}
						}, 
						{
							"origin": [-31.2, 7.83252, 24.60937],
							"size": [4.8, 60, 7.2],
							"pivot": [0, -15, 0],
							"rotation": [45, 0, 90],
							"uv": {
								"north": {"uv": [384, 54], "uv_size": [4, 50]},
								"east": {"uv": [378, 54], "uv_size": [6, 50]},
								"south": {"uv": [394, 54], "uv_size": [4, 50]},
								"west": {"uv": [388, 54], "uv_size": [6, 50]},
								"up": {"uv": [384, 48], "uv_size": [4, 6]},
								"down": {"uv": [388, 54], "uv_size": [4, -6]}
							}
						}, 
						{
							"origin": [64.19728, 11.38734, -39.34368],
							"size": [4.8, 4.8, 2.4],
							"pivot": [75.57612, 14.19013, -38.12707],
							"rotation": [0, -125, 0],
							"uv": {
								"north": {"uv": [258, 106], "uv_size": [4, 4]},
								"east": {"uv": [256, 106], "uv_size": [2, 4]},
								"south": {"uv": [264, 106], "uv_size": [4, 4]},
								"west": {"uv": [262, 106], "uv_size": [2, 4]},
								"up": {"uv": [258, 104], "uv_size": [4, 2]},
								"down": {"uv": [262, 106], "uv_size": [4, -2]}
							}
						}
					]
				}, 
				{
					"name": "leftwing3",
					"parent": "leftwing2",
					"pivot": [72, 18.6, -33.6],
					"cubes": [
						{
							"origin": [-30, -30.45559, -61.82698],
							"size": [2.4, 36, 4.8],
							"pivot": [0, -15, 0],
							"rotation": [-110, 0, 90],
							"uv": {
								"north": {"uv": [294, 50], "uv_size": [2, 30]},
								"east": {"uv": [290, 50], "uv_size": [4, 30]},
								"south": {"uv": [300, 50], "uv_size": [2, 30]},
								"west": {"uv": [296, 50], "uv_size": [4, 30]},
								"up": {"uv": [294, 46], "uv_size": [2, 4]},
								"down": {"uv": [296, 50], "uv_size": [2, -4]}
							}
						}, 
						{
							"origin": [-29.3117, -59.69252, -63.00235],
							"size": [2.4, 43.2, 4.8],
							"pivot": [0, -15, 0],
							"rotation": [-105, 0, 90],
							"uv": {
								"north": {"uv": [386, 58], "uv_size": [2, 36]},
								"east": {"uv": [382, 58], "uv_size": [4, 36]},
								"south": {"uv": [392, 58], "uv_size": [2, 36]},
								"west": {"uv": [388, 58], "uv_size": [4, 36]},
								"up": {"uv": [386, 54], "uv_size": [2, 4]},
								"down": {"uv": [388, 58], "uv_size": [2, -4]}
							}
						}, 
						{
							"origin": [-62.31004, 13.8, 10.81952],
							"size": [36, 0, 56.4],
							"pivot": [0, -15, 0],
							"rotation": [0, 130, 0],
							"uv": {
								"north": {"uv": [213, 234], "uv_size": [30, 0]},
								"east": {"uv": [166, 234], "uv_size": [47, 0]},
								"south": {"uv": [290, 234], "uv_size": [30, 0]},
								"west": {"uv": [243, 234], "uv_size": [47, 0]},
								"up": {"uv": [213, 187], "uv_size": [30, 47]},
								"down": {"uv": [243, 234], "uv_size": [30, -47]}
							}
						}
					]
				}, 
				{
					"name": "leftwing4",
					"parent": "leftwing3",
					"pivot": [72, 18.6, -32.4],
					"cubes": [
						{
							"origin": [-30, -20.78977, -85.37882],
							"size": [2.4, 43.2, 4.8],
							"pivot": [0, -15, 0],
							"rotation": [-70, 0, 90],
							"uv": {
								"north": {"uv": [386, 59], "uv_size": [2, 36]},
								"east": {"uv": [382, 59], "uv_size": [4, 36]},
								"south": {"uv": [392, 59], "uv_size": [2, 36]},
								"west": {"uv": [388, 59], "uv_size": [4, 36]},
								"up": {"uv": [386, 55], "uv_size": [2, 4]},
								"down": {"uv": [388, 59], "uv_size": [2, -4]}
							}
						}, 
						{
							"origin": [-30.6883, 4.53085, -90.44964],
							"size": [2.4, 36, 4.8],
							"pivot": [0, -15, 0],
							"rotation": [-80, 0, 90],
							"uv": {
								"north": {"uv": [294, 50], "uv_size": [2, 30]},
								"east": {"uv": [290, 50], "uv_size": [4, 30]},
								"south": {"uv": [300, 50], "uv_size": [2, 30]},
								"west": {"uv": [296, 50], "uv_size": [4, 30]},
								"up": {"uv": [294, 46], "uv_size": [2, 4]},
								"down": {"uv": [296, 50], "uv_size": [2, -4]}
							}
						}, 
						{
							"origin": [-102.84581, 13.8, -21.6889],
							"size": [43.2, 0, 76.8],
							"pivot": [0, -15, 0],
							"rotation": [0, 165, 0],
							"uv": {
								"north": {"uv": [74, 249], "uv_size": [36, 0]},
								"east": {"uv": [10, 249], "uv_size": [64, 0]},
								"south": {"uv": [174, 249], "uv_size": [36, 0]},
								"west": {"uv": [110, 249], "uv_size": [64, 0]},
								"up": {"uv": [74, 185], "uv_size": [36, 64]},
								"down": {"uv": [110, 249], "uv_size": [36, -64]}
							}
						}
					]
				}, 
				{
					"name": "leftwing5",
					"parent": "leftwing4",
					"pivot": [72, 17.4, -32.4],
					"cubes": [
						{
							"origin": [-30.6883, 59.11243, -83.48287],
							"size": [2.4, 39.6, 4.8],
							"pivot": [0, -15, 0],
							"rotation": [-40, 0, 90],
							"uv": {
								"north": {"uv": [294, 51], "uv_size": [2, 33]},
								"east": {"uv": [290, 51], "uv_size": [4, 33]},
								"south": {"uv": [300, 51], "uv_size": [2, 33]},
								"west": {"uv": [296, 51], "uv_size": [4, 33]},
								"up": {"uv": [294, 47], "uv_size": [2, 4]},
								"down": {"uv": [296, 51], "uv_size": [2, -4]}
							}
						}, 
						{
							"origin": [-124.11301, 13.8, -65.78188],
							"size": [43.2, 0, 76.8],
							"pivot": [0, -15, 0],
							"rotation": [0, -160, 0],
							"uv": {
								"north": {"uv": [110, 251], "uv_size": [36, 0]},
								"east": {"uv": [46, 251], "uv_size": [64, 0]},
								"south": {"uv": [210, 251], "uv_size": [36, 0]},
								"west": {"uv": [146, 251], "uv_size": [64, 0]},
								"up": {"uv": [110, 187], "uv_size": [36, 64]},
								"down": {"uv": [146, 251], "uv_size": [36, -64]}
							}
						}, 
						{
							"origin": [-30, 29.35429, -76.39345],
							"size": [2.4, 43.2, 4.8],
							"pivot": [0, -15, 0],
							"rotation": [-35, 0, 90],
							"uv": {
								"north": {"uv": [295, 51], "uv_size": [2, 36]},
								"east": {"uv": [291, 51], "uv_size": [4, 36]},
								"south": {"uv": [301, 51], "uv_size": [2, 36]},
								"west": {"uv": [297, 51], "uv_size": [4, 36]},
								"up": {"uv": [295, 47], "uv_size": [2, 4]},
								"down": {"uv": [297, 51], "uv_size": [2, -4]}
							}
						}
					]
				}, 
				{
					"name": "leftwing6",
					"parent": "leftwing5",
					"pivot": [73.2, 18.6, -32.4],
					"cubes": [
						{
							"origin": [-30.28009, 94.28411, -50.42279],
							"size": [2.4, 40.8, 4.8],
							"pivot": [0, -15, 0],
							"rotation": [-5, 0, 90],
							"uv": {
								"north": {"uv": [294, 51], "uv_size": [2, 34]},
								"east": {"uv": [290, 51], "uv_size": [4, 34]},
								"south": {"uv": [300, 51], "uv_size": [2, 34]},
								"west": {"uv": [296, 51], "uv_size": [4, 34]},
								"up": {"uv": [294, 47], "uv_size": [2, 4]},
								"down": {"uv": [296, 51], "uv_size": [2, -4]}
							}
						}, 
						{
							"origin": [-110.56698, 13.8, -114.24883],
							"size": [43.2, 0, 76.8],
							"pivot": [0, -15, 0],
							"rotation": [0, -125, 0],
							"uv": {
								"north": {"uv": [109, 249], "uv_size": [36, 0]},
								"east": {"uv": [45, 249], "uv_size": [64, 0]},
								"south": {"uv": [209, 249], "uv_size": [36, 0]},
								"west": {"uv": [145, 249], "uv_size": [64, 0]},
								"up": {"uv": [109, 185], "uv_size": [36, 64]},
								"down": {"uv": [145, 249], "uv_size": [36, -64]}
							}
						}, 
						{
							"origin": [-30.28009, 58.22875, -39.97184],
							"size": [2.4, 43.2, 4.8],
							"pivot": [0, -15, 0],
							"rotation": [0, 0, 90],
							"uv": {
								"north": {"uv": [294, 50], "uv_size": [2, 36]},
								"east": {"uv": [290, 50], "uv_size": [4, 36]},
								"south": {"uv": [300, 50], "uv_size": [2, 36]},
								"west": {"uv": [296, 50], "uv_size": [4, 36]},
								"up": {"uv": [294, 46], "uv_size": [2, 4]},
								"down": {"uv": [296, 50], "uv_size": [2, -4]}
							}
						}
					]
				}, 
				{
					"name": "tail",
					"parent": "bodydragon",
					"pivot": [0, 15, 20.4],
					"rotation": [0, -10, 0]
				}, 
				{
					"name": "tail1",
					"parent": "tail",
					"pivot": [0, 15, 19.2],
					"cubes": [
						{
							"origin": [-2.4, -15.15673, 42.17329],
							"size": [3.6, 2.4, 6],
							"pivot": [0, -16.2, -1.2],
							"rotation": [40, 0, 0],
							"uv": {
								"north": {"uv": [72, 72], "uv_size": [2, 2]},
								"east": {"uv": [68, 72], "uv_size": [4, 2]},
								"south": {"uv": [78, 72], "uv_size": [2, 2]},
								"west": {"uv": [74, 72], "uv_size": [4, 2]},
								"up": {"uv": [72, 68], "uv_size": [2, 4]},
								"down": {"uv": [74, 72], "uv_size": [2, -4]}
							}
						}, 
						{
							"origin": [-2.4, -13.27364, 37.18966],
							"size": [3.6, 2.4, 8.4],
							"pivot": [0, -16.2, -1.2],
							"rotation": [45, 0, 0],
							"uv": {
								"north": {"uv": [50, 74], "uv_size": [2, 2]},
								"east": {"uv": [44, 74], "uv_size": [6, 2]},
								"south": {"uv": [58, 74], "uv_size": [2, 2]},
								"west": {"uv": [52, 74], "uv_size": [6, 2]},
								"up": {"uv": [50, 68], "uv_size": [2, 6]},
								"down": {"uv": [52, 74], "uv_size": [2, -6]}
							}
						}, 
						{
							"origin": [-4.8, 9.32004, 13.25911],
							"size": [9.6, 12, 14.4],
							"pivot": [0, -30.6, -15.6],
							"rotation": [-10, 0, 0],
							"uv": {
								"north": {"uv": [162, 82], "uv_size": [8, 10]},
								"east": {"uv": [150, 82], "uv_size": [12, 10]},
								"south": {"uv": [182, 82], "uv_size": [8, 10]},
								"west": {"uv": [170, 82], "uv_size": [12, 10]},
								"up": {"uv": [162, 70], "uv_size": [8, 12]},
								"down": {"uv": [170, 82], "uv_size": [8, -12]}
							}
						}
					]
				}, 
				{
					"name": "tail2",
					"parent": "tail1",
					"pivot": [0, 13.8, 33.6],
					"rotation": [0, -7.5, 0],
					"cubes": [
						{
							"origin": [-2.4, -27.78336, 54.26962],
							"size": [3.6, 2.4, 7.2],
							"pivot": [0, -17.4, -2.4],
							"rotation": [35, 0, 0],
							"uv": {
								"north": {"uv": [72, 72], "uv_size": [2, 2]},
								"east": {"uv": [68, 72], "uv_size": [4, 2]},
								"south": {"uv": [78, 72], "uv_size": [2, 2]},
								"west": {"uv": [74, 72], "uv_size": [4, 2]},
								"up": {"uv": [72, 68], "uv_size": [2, 4]},
								"down": {"uv": [74, 72], "uv_size": [2, -4]}
							}
						}, 
						{
							"origin": [-1.2, -22.41866, 49.06001],
							"size": [2.4, 2.4, 7.2],
							"pivot": [0, -17.4, -2.4],
							"rotation": [35, 0, 0],
							"uv": {
								"north": {"uv": [72, 72], "uv_size": [2, 2]},
								"east": {"uv": [68, 72], "uv_size": [4, 2]},
								"south": {"uv": [78, 72], "uv_size": [2, 2]},
								"west": {"uv": [74, 72], "uv_size": [4, 2]},
								"up": {"uv": [72, 68], "uv_size": [2, 4]},
								"down": {"uv": [74, 72], "uv_size": [2, -4]}
							}
						}, 
						{
							"origin": [-1.2, -17.37024, 44.83339],
							"size": [2.4, 2.4, 7.2],
							"pivot": [0, -17.4, -2.4],
							"rotation": [35, 0, 0],
							"uv": {
								"north": {"uv": [72, 72], "uv_size": [2, 2]},
								"east": {"uv": [68, 72], "uv_size": [4, 2]},
								"south": {"uv": [78, 72], "uv_size": [2, 2]},
								"west": {"uv": [74, 72], "uv_size": [4, 2]},
								"up": {"uv": [72, 68], "uv_size": [2, 4]},
								"down": {"uv": [74, 72], "uv_size": [2, -4]}
							}
						}, 
						{
							"origin": [-3.6, 14.50645, 21.22128],
							"size": [7.2, 9.6, 19.2],
							"pivot": [0, -30.6, -16.8],
							"rotation": [-15, 0, 0],
							"uv": {
								"north": {"uv": [206, 82], "uv_size": [6, 8]},
								"east": {"uv": [190, 82], "uv_size": [16, 8]},
								"south": {"uv": [228, 82], "uv_size": [6, 8]},
								"west": {"uv": [212, 82], "uv_size": [16, 8]},
								"up": {"uv": [206, 66], "uv_size": [6, 16]},
								"down": {"uv": [212, 82], "uv_size": [6, -16]}
							}
						}
					]
				}, 
				{
					"name": "tail3",
					"parent": "tail2",
					"pivot": [0, 7.8, 49.2],
					"rotation": [0, -7.5, 0],
					"cubes": [
						{
							"origin": [-1.2, -39.93985, 66.40054],
							"size": [2.4, 2.4, 7.2],
							"pivot": [0, -18.6, 0],
							"rotation": [35, 0, 0],
							"uv": {
								"north": {"uv": [72, 72], "uv_size": [2, 2]},
								"east": {"uv": [68, 72], "uv_size": [4, 2]},
								"south": {"uv": [78, 72], "uv_size": [2, 2]},
								"west": {"uv": [74, 72], "uv_size": [4, 2]},
								"up": {"uv": [72, 68], "uv_size": [2, 4]},
								"down": {"uv": [74, 72], "uv_size": [2, -4]}
							}
						}, 
						{
							"origin": [-1.2, -34.82712, 61.19093],
							"size": [2.4, 2.4, 8.4],
							"pivot": [0, -18.6, 0],
							"rotation": [35, 0, 0],
							"uv": {
								"north": {"uv": [72, 72], "uv_size": [2, 2]},
								"east": {"uv": [68, 72], "uv_size": [4, 2]},
								"south": {"uv": [78, 72], "uv_size": [2, 2]},
								"west": {"uv": [74, 72], "uv_size": [4, 2]},
								"up": {"uv": [72, 68], "uv_size": [2, 4]},
								"down": {"uv": [74, 72], "uv_size": [2, -4]}
							}
						}, 
						{
							"origin": [-3.6, 9.99024, 42.53956],
							"size": [7.2, 7.2, 22.8],
							"pivot": [0, -34.2, -12],
							"rotation": [-10, 0, 0],
							"uv": {
								"north": {"uv": [162, 60], "uv_size": [6, 6]},
								"east": {"uv": [143, 60], "uv_size": [19, 6]},
								"south": {"uv": [187, 60], "uv_size": [6, 6]},
								"west": {"uv": [168, 60], "uv_size": [19, 6]},
								"up": {"uv": [162, 41], "uv_size": [6, 19]},
								"down": {"uv": [168, 60], "uv_size": [6, -19]}
							}
						}
					]
				}, 
				{
					"name": "tail4",
					"parent": "tail3",
					"pivot": [0, 4.2, 70.8],
					"rotation": [0, -10, 0],
					"cubes": [
						{
							"origin": [-1.2, -44.876, 72.04416],
							"size": [2.4, 2.4, 9.6],
							"pivot": [0, -19.8, 2.4],
							"rotation": [35, 0, 0],
							"uv": {
								"north": {"uv": [72, 72], "uv_size": [2, 2]},
								"east": {"uv": [68, 72], "uv_size": [4, 2]},
								"south": {"uv": [78, 72], "uv_size": [2, 2]},
								"west": {"uv": [74, 72], "uv_size": [4, 2]},
								"up": {"uv": [72, 68], "uv_size": [2, 4]},
								"down": {"uv": [74, 72], "uv_size": [2, -4]}
							}
						}, 
						{
							"origin": [-1.2, -52.05361, 80.20272],
							"size": [2.4, 2.4, 10.8],
							"pivot": [0, -19.8, 2.4],
							"rotation": [35, 0, 0],
							"uv": {
								"north": {"uv": [72, 72], "uv_size": [2, 2]},
								"east": {"uv": [68, 72], "uv_size": [4, 2]},
								"south": {"uv": [78, 72], "uv_size": [2, 2]},
								"west": {"uv": [74, 72], "uv_size": [4, 2]},
								"up": {"uv": [72, 68], "uv_size": [2, 4]},
								"down": {"uv": [74, 72], "uv_size": [2, -4]}
							}
						}, 
						{
							"origin": [-1.2, -48.31746, 76.95907],
							"size": [2.4, 2.4, 8.4],
							"pivot": [0, -19.8, 2.4],
							"rotation": [35, 0, 0],
							"uv": {
								"north": {"uv": [72, 72], "uv_size": [2, 2]},
								"east": {"uv": [68, 72], "uv_size": [4, 2]},
								"south": {"uv": [78, 72], "uv_size": [2, 2]},
								"west": {"uv": [74, 72], "uv_size": [4, 2]},
								"up": {"uv": [72, 68], "uv_size": [2, 4]},
								"down": {"uv": [74, 72], "uv_size": [2, -4]}
							}
						}, 
						{
							"origin": [-2.4, 4.96511, 68.60652],
							"size": [4.8, 4.8, 19.2],
							"pivot": [0, -34.2, -12],
							"rotation": [-5, 0, 0],
							"uv": {
								"north": {"uv": [204, 56], "uv_size": [4, 4]},
								"east": {"uv": [188, 56], "uv_size": [16, 4]},
								"south": {"uv": [224, 56], "uv_size": [4, 4]},
								"west": {"uv": [208, 56], "uv_size": [16, 4]},
								"up": {"uv": [204, 40], "uv_size": [4, 16]},
								"down": {"uv": [208, 56], "uv_size": [4, -16]}
							}
						}
					]
				}, 
				{
					"name": "tail5",
					"parent": "tail4",
					"pivot": [0, 4.2, 88.8],
					"rotation": [0, -7.5, 0],
					"cubes": [
						{
							"origin": [-1.2, -63.17784, 84.42799],
							"size": [2.4, 2.4, 9.6],
							"pivot": [0, -19.8, 3.6],
							"rotation": [40, 0, 0],
							"uv": {
								"north": {"uv": [72, 72], "uv_size": [2, 2]},
								"east": {"uv": [68, 72], "uv_size": [4, 2]},
								"south": {"uv": [78, 72], "uv_size": [2, 2]},
								"west": {"uv": [74, 72], "uv_size": [4, 2]},
								"up": {"uv": [72, 68], "uv_size": [2, 4]},
								"down": {"uv": [74, 72], "uv_size": [2, -4]}
							}
						}, 
						{
							"origin": [-1.2, -66.26322, 88.105],
							"size": [3.6, 2.4, 9.6],
							"pivot": [0, -19.8, 3.6],
							"rotation": [40, 0, 0],
							"uv": {
								"north": {"uv": [72, 72], "uv_size": [2, 2]},
								"east": {"uv": [68, 72], "uv_size": [4, 2]},
								"south": {"uv": [78, 72], "uv_size": [2, 2]},
								"west": {"uv": [74, 72], "uv_size": [4, 2]},
								"up": {"uv": [72, 68], "uv_size": [2, 4]},
								"down": {"uv": [74, 72], "uv_size": [2, -4]}
							}
						}, 
						{
							"origin": [49.2, -80.91995, 72.30127],
							"size": [2.4, 2.4, 12],
							"pivot": [0, -19.8, 3.6],
							"rotation": [53.18919, -26.06465, -24.23178],
							"uv": {
								"north": {"uv": [72, 72], "uv_size": [2, 2]},
								"east": {"uv": [68, 72], "uv_size": [4, 2]},
								"south": {"uv": [78, 72], "uv_size": [2, 2]},
								"west": {"uv": [74, 72], "uv_size": [4, 2]},
								"up": {"uv": [72, 68], "uv_size": [2, 4]},
								"down": {"uv": [74, 72], "uv_size": [2, -4]}
							}
						}, 
						{
							"origin": [-24, -80.91995, 83.10127],
							"size": [2.4, 2.4, 12],
							"pivot": [0, -19.8, 3.6],
							"rotation": [47.08603, 10.8873, 17.66949],
							"uv": {
								"north": {"uv": [72, 72], "uv_size": [2, 2]},
								"east": {"uv": [68, 72], "uv_size": [4, 2]},
								"south": {"uv": [78, 72], "uv_size": [2, 2]},
								"west": {"uv": [74, 72], "uv_size": [4, 2]},
								"up": {"uv": [72, 68], "uv_size": [2, 4]},
								"down": {"uv": [74, 72], "uv_size": [2, -4]}
							}
						}, 
						{
							"origin": [-2.4, -3.65244, 88.9563],
							"size": [4.8, 4.8, 19.2],
							"uv": {
								"north": {"uv": [204, 56], "uv_size": [4, 4]},
								"east": {"uv": [188, 56], "uv_size": [16, 4]},
								"south": {"uv": [224, 56], "uv_size": [4, 4]},
								"west": {"uv": [208, 56], "uv_size": [16, 4]},
								"up": {"uv": [204, 40], "uv_size": [4, 16]},
								"down": {"uv": [208, 56], "uv_size": [4, -16]}
							}
						}
					]
				}, 
				{
					"name": "tail6",
					"parent": "tail5",
					"pivot": [0, 4.2, 106.8],
					"cubes": [
						{
							"origin": [32.4, -70.47144, 90.62195],
							"size": [2.4, 2.4, 19.2],
							"pivot": [0, -19.8, 20.4],
							"rotation": [48.42663, -19.05681, -20.20848],
							"uv": {
								"north": {"uv": [50, 74], "uv_size": [2, 2]},
								"east": {"uv": [45, 74], "uv_size": [5, 2]},
								"south": {"uv": [57, 74], "uv_size": [2, 2]},
								"west": {"uv": [52, 74], "uv_size": [5, 2]},
								"up": {"uv": [50, 69], "uv_size": [2, 5]},
								"down": {"uv": [52, 74], "uv_size": [2, -5]}
							}
						}, 
						{
							"origin": [-37.2, -78.87144, 81.02195],
							"size": [2.4, 2.4, 19.2],
							"pivot": [0, -19.8, 20.4],
							"rotation": [56.60661, 20.70481, 22.20765],
							"uv": {
								"north": {"uv": [50, 74], "uv_size": [2, 2]},
								"east": {"uv": [45, 74], "uv_size": [5, 2]},
								"south": {"uv": [57, 74], "uv_size": [2, 2]},
								"west": {"uv": [52, 74], "uv_size": [5, 2]},
								"up": {"uv": [50, 69], "uv_size": [2, 5]},
								"down": {"uv": [52, 74], "uv_size": [2, -5]}
							}
						}, 
						{
							"origin": [40.8, -62.99316, 107.9934],
							"size": [2.4, 2.4, 27.6],
							"pivot": [0, -19.8, 20.4],
							"rotation": [38.28761, -22.22485, -16.62484],
							"uv": {
								"north": {"uv": [50, 74], "uv_size": [2, 2]},
								"east": {"uv": [45, 74], "uv_size": [5, 2]},
								"south": {"uv": [57, 74], "uv_size": [2, 2]},
								"west": {"uv": [52, 74], "uv_size": [5, 2]},
								"up": {"uv": [50, 69], "uv_size": [2, 5]},
								"down": {"uv": [52, 74], "uv_size": [2, -5]}
							}
						}, 
						{
							"origin": [-37.2, -68.99316, 92.3934],
							"size": [2.4, 2.4, 27.6],
							"pivot": [0, -19.8, 20.4],
							"rotation": [45.18944, 20.25437, 14.97401],
							"uv": {
								"north": {"uv": [50, 74], "uv_size": [2, 2]},
								"east": {"uv": [45, 74], "uv_size": [5, 2]},
								"south": {"uv": [57, 74], "uv_size": [2, 2]},
								"west": {"uv": [52, 74], "uv_size": [5, 2]},
								"up": {"uv": [50, 69], "uv_size": [2, 5]},
								"down": {"uv": [52, 74], "uv_size": [2, -5]}
							}
						}, 
						{
							"origin": [37.2, -74.77057, 93.31312],
							"size": [2.4, 2.4, 27.6],
							"pivot": [0, -19.8, 20.4],
							"rotation": [49.10661, -20.70481, -22.20765],
							"uv": {
								"north": {"uv": [50, 74], "uv_size": [2, 2]},
								"east": {"uv": [45, 74], "uv_size": [5, 2]},
								"south": {"uv": [57, 74], "uv_size": [2, 2]},
								"west": {"uv": [52, 74], "uv_size": [5, 2]},
								"up": {"uv": [50, 69], "uv_size": [2, 5]},
								"down": {"uv": [52, 74], "uv_size": [2, -5]}
							}
						}, 
						{
							"origin": [-43.2, -73.57057, 96.91312],
							"size": [2.4, 2.4, 27.6],
							"pivot": [0, -19.8, 20.4],
							"rotation": [45.04102, 21.84508, 12.84077],
							"uv": {
								"north": {"uv": [50, 74], "uv_size": [2, 2]},
								"east": {"uv": [45, 74], "uv_size": [5, 2]},
								"south": {"uv": [57, 74], "uv_size": [2, 2]},
								"west": {"uv": [52, 74], "uv_size": [5, 2]},
								"up": {"uv": [50, 69], "uv_size": [2, 5]},
								"down": {"uv": [52, 74], "uv_size": [2, -5]}
							}
						}, 
						{
							"origin": [-4.8, -12.89093, 108.66336],
							"size": [9.6, 4.8, 19.2],
							"pivot": [0, -34.2, 6],
							"rotation": [5, 0, 0],
							"uv": {
								"north": {"uv": [100, 50], "uv_size": [8, 4]},
								"east": {"uv": [84, 50], "uv_size": [16, 4]},
								"south": {"uv": [124, 50], "uv_size": [8, 4]},
								"west": {"uv": [108, 50], "uv_size": [16, 4]},
								"up": {"uv": [100, 34], "uv_size": [8, 16]},
								"down": {"uv": [108, 50], "uv_size": [8, -16]}
							}
						}
					]
				}, 
				{
					"name": "lleftleg",
					"parent": "bodydragon",
					"pivot": [6.4, 11.4, 16.8],
					"rotation": [65.91439, -13.11529, -73.77714]
				}, 
				{
					"name": "lleg1",
					"parent": "lleftleg",
					"pivot": [6.4, 11.4, 16.8],
					"cubes": [
						{
							"origin": [2.8, -2.32493, 4.80632],
							"size": [7.2, 16.8, 9.6],
							"pivot": [-0.8, -33, -15.6],
							"rotation": [-10, 0, 0],
							"uv": {
								"north": {"uv": [8, 54], "uv_size": [6, 14]},
								"east": {"uv": [0, 54], "uv_size": [8, 14]},
								"south": {"uv": [22, 54], "uv_size": [6, 14]},
								"west": {"uv": [14, 54], "uv_size": [8, 14]},
								"up": {"uv": [8, 46], "uv_size": [6, 8]},
								"down": {"uv": [14, 54], "uv_size": [6, -8]}
							}
						}
					]
				}, 
				{
					"name": "lleg2",
					"parent": "lleg1",
					"pivot": [8.8, 0.6, 20.4],
					"cubes": [
						{
							"origin": [4, -5.43024, -2.0802],
							"size": [4.8, 16.8, 4.8],
							"pivot": [-0.8, -34.2, -16.8],
							"rotation": [-30, 0, 0],
							"uv": {
								"north": {"uv": [34, 50], "uv_size": [4, 14]},
								"east": {"uv": [30, 50], "uv_size": [4, 14]},
								"south": {"uv": [42, 50], "uv_size": [4, 14]},
								"west": {"uv": [38, 50], "uv_size": [4, 14]},
								"up": {"uv": [34, 46], "uv_size": [4, 4]},
								"down": {"uv": [38, 50], "uv_size": [4, -4]}
							}
						}
					]
				}, 
				{
					"name": "lleg3a",
					"parent": "lleg2",
					"pivot": [6.4, -12.6, 12],
					"cubes": [
						{
							"origin": [5.2, -18.96, 4.8],
							"size": [2.4, 4.8, 9.6],
							"uv": {
								"north": {"uv": [12, 136], "uv_size": [2, 4]},
								"east": {"uv": [4, 136], "uv_size": [8, 4]},
								"south": {"uv": [22, 136], "uv_size": [2, 4]},
								"west": {"uv": [14, 136], "uv_size": [8, 4]},
								"up": {"uv": [12, 128], "uv_size": [2, 8]},
								"down": {"uv": [14, 136], "uv_size": [2, -8]}
							}
						}
					]
				}, 
				{
					"name": "lleg3a1",
					"parent": "lleg3a",
					"pivot": [6.4, -12.6, 4.8],
					"rotation": [10, 0, 0],
					"cubes": [
						{
							"origin": [5.2, -18.96, 0],
							"size": [2.4, 4.8, 4.8],
							"uv": {
								"north": {"uv": [10, 150], "uv_size": [2, 4]},
								"east": {"uv": [6, 150], "uv_size": [4, 4]},
								"south": {"uv": [16, 150], "uv_size": [2, 4]},
								"west": {"uv": [12, 150], "uv_size": [4, 4]},
								"up": {"uv": [10, 146], "uv_size": [2, 4]},
								"down": {"uv": [12, 150], "uv_size": [2, -4]}
							}
						}
					]
				}, 
				{
					"name": "lleg3b",
					"parent": "lleg2",
					"pivot": [8.8, -12.6, 13.2],
					"rotation": [0, -5, 5],
					"cubes": [
						{
							"origin": [7.6, -19.8, 6],
							"size": [2.4, 4.8, 9.6],
							"uv": {
								"north": {"uv": [12, 136], "uv_size": [2, 4]},
								"east": {"uv": [4, 136], "uv_size": [8, 4]},
								"south": {"uv": [22, 136], "uv_size": [2, 4]},
								"west": {"uv": [14, 136], "uv_size": [8, 4]},
								"up": {"uv": [12, 128], "uv_size": [2, 8]},
								"down": {"uv": [14, 136], "uv_size": [2, -8]}
							}
						}
					]
				}, 
				{
					"name": "lleg3b2",
					"parent": "lleg3b",
					"pivot": [8.8, -12.6, 6],
					"rotation": [10, 0, 0],
					"cubes": [
						{
							"origin": [7.6, -19.8, 1.2],
							"size": [2.4, 4.8, 4.8],
							"uv": {
								"north": {"uv": [10, 150], "uv_size": [2, 4]},
								"east": {"uv": [6, 150], "uv_size": [4, 4]},
								"south": {"uv": [16, 150], "uv_size": [2, 4]},
								"west": {"uv": [12, 150], "uv_size": [4, 4]},
								"up": {"uv": [10, 146], "uv_size": [2, 4]},
								"down": {"uv": [12, 150], "uv_size": [2, -4]}
							}
						}
					]
				}, 
				{
					"name": "lleg3c",
					"parent": "lleg2",
					"pivot": [4, -12.6, 13.2],
					"rotation": [0, 5, -5],
					"cubes": [
						{
							"origin": [2.8, -19.8, 6],
							"size": [2.4, 4.8, 9.6],
							"uv": {
								"north": {"uv": [12, 136], "uv_size": [2, 4]},
								"east": {"uv": [4, 136], "uv_size": [8, 4]},
								"south": {"uv": [22, 136], "uv_size": [2, 4]},
								"west": {"uv": [14, 136], "uv_size": [8, 4]},
								"up": {"uv": [12, 128], "uv_size": [2, 8]},
								"down": {"uv": [14, 136], "uv_size": [2, -8]}
							}
						}
					]
				}, 
				{
					"name": "lleg3c3",
					"parent": "lleg3c",
					"pivot": [4, -12.6, 6],
					"rotation": [10, 0, 0],
					"cubes": [
						{
							"origin": [2.8, -19.8, 1.2],
							"size": [2.4, 4.8, 4.8],
							"uv": {
								"north": {"uv": [10, 150], "uv_size": [2, 4]},
								"east": {"uv": [6, 150], "uv_size": [4, 4]},
								"south": {"uv": [16, 150], "uv_size": [2, 4]},
								"west": {"uv": [12, 150], "uv_size": [4, 4]},
								"up": {"uv": [10, 146], "uv_size": [2, 4]},
								"down": {"uv": [12, 150], "uv_size": [2, -4]}
							}
						}
					]
				}, 
				{
					"name": "rightleg",
					"parent": "bodydragon",
					"pivot": [-5.4, 12.6, 18],
					"rotation": [64.58385, 16.66577, 71.70612]
				}, 
				{
					"name": "rleg1",
					"parent": "rightleg",
					"pivot": [-5.4, 11.4, 18],
					"cubes": [
						{
							"origin": [-9, -1.55358, 4.80636],
							"size": [7.2, 16.8, 9.6],
							"pivot": [1.8, -33, -15.6],
							"rotation": [-10, 0, 0],
							"uv": {
								"north": {"uv": [8, 54], "uv_size": [6, 14]},
								"east": {"uv": [0, 54], "uv_size": [8, 14]},
								"south": {"uv": [22, 54], "uv_size": [6, 14]},
								"west": {"uv": [14, 54], "uv_size": [8, 14]},
								"up": {"uv": [8, 46], "uv_size": [6, 8]},
								"down": {"uv": [14, 54], "uv_size": [6, -8]}
							}
						}
					]
				}, 
				{
					"name": "rleg2",
					"parent": "rleg1",
					"pivot": [-5.4, 0.6, 20.4],
					"cubes": [
						{
							"origin": [-7.8, -5.4303, -2.0802],
							"size": [4.8, 16.8, 4.8],
							"pivot": [1.8, -34.2, -16.8],
							"rotation": [-30, 0, 0],
							"uv": {
								"north": {"uv": [34, 50], "uv_size": [4, 14]},
								"east": {"uv": [30, 50], "uv_size": [4, 14]},
								"south": {"uv": [42, 50], "uv_size": [4, 14]},
								"west": {"uv": [38, 50], "uv_size": [4, 14]},
								"up": {"uv": [34, 46], "uv_size": [4, 4]},
								"down": {"uv": [38, 50], "uv_size": [4, -4]}
							}
						}
					]
				}, 
				{
					"name": "rleg3a",
					"parent": "rleg2",
					"pivot": [-5.4, -11.4, 12],
					"cubes": [
						{
							"origin": [-6.6, -18.96, 4.8],
							"size": [2.4, 4.8, 9.6],
							"uv": {
								"north": {"uv": [12, 136], "uv_size": [2, 4]},
								"east": {"uv": [4, 136], "uv_size": [8, 4]},
								"south": {"uv": [22, 136], "uv_size": [2, 4]},
								"west": {"uv": [14, 136], "uv_size": [8, 4]},
								"up": {"uv": [12, 128], "uv_size": [2, 8]},
								"down": {"uv": [14, 136], "uv_size": [2, -8]}
							}
						}
					]
				}, 
				{
					"name": "rleg3a1",
					"parent": "rleg3a",
					"pivot": [-5.4, -11.4, 4.8],
					"rotation": [10, 0, 0],
					"cubes": [
						{
							"origin": [-6.6, -18.96, 0],
							"size": [2.4, 4.8, 4.8],
							"uv": {
								"north": {"uv": [10, 150], "uv_size": [2, 4]},
								"east": {"uv": [6, 150], "uv_size": [4, 4]},
								"south": {"uv": [16, 150], "uv_size": [2, 4]},
								"west": {"uv": [12, 150], "uv_size": [4, 4]},
								"up": {"uv": [10, 146], "uv_size": [2, 4]},
								"down": {"uv": [12, 150], "uv_size": [2, -4]}
							}
						}
					]
				}, 
				{
					"name": "rleg3b",
					"parent": "rleg2",
					"pivot": [-7.8, -12.6, 13.2],
					"rotation": [0, 5, -5],
					"cubes": [
						{
							"origin": [-9, -19.8, 6],
							"size": [2.4, 4.8, 9.6],
							"uv": {
								"north": {"uv": [12, 136], "uv_size": [2, 4]},
								"east": {"uv": [4, 136], "uv_size": [8, 4]},
								"south": {"uv": [22, 136], "uv_size": [2, 4]},
								"west": {"uv": [14, 136], "uv_size": [8, 4]},
								"up": {"uv": [12, 128], "uv_size": [2, 8]},
								"down": {"uv": [14, 136], "uv_size": [2, -8]}
							}
						}
					]
				}, 
				{
					"name": "rleg3a2",
					"parent": "rleg3b",
					"pivot": [-9, -12.6, 6],
					"rotation": [10, 0, 0],
					"cubes": [
						{
							"origin": [-9, -19.8, 1.2],
							"size": [2.4, 4.8, 4.8],
							"uv": {
								"north": {"uv": [10, 150], "uv_size": [2, 4]},
								"east": {"uv": [6, 150], "uv_size": [4, 4]},
								"south": {"uv": [16, 150], "uv_size": [2, 4]},
								"west": {"uv": [12, 150], "uv_size": [4, 4]},
								"up": {"uv": [10, 146], "uv_size": [2, 4]},
								"down": {"uv": [12, 150], "uv_size": [2, -4]}
							}
						}
					]
				}, 
				{
					"name": "rleg3c",
					"parent": "rleg2",
					"pivot": [-3, -12.6, 13.2],
					"rotation": [0, -5, 5],
					"cubes": [
						{
							"origin": [-4.2, -19.8, 6],
							"size": [2.4, 4.8, 9.6],
							"uv": {
								"north": {"uv": [12, 136], "uv_size": [2, 4]},
								"east": {"uv": [4, 136], "uv_size": [8, 4]},
								"south": {"uv": [22, 136], "uv_size": [2, 4]},
								"west": {"uv": [14, 136], "uv_size": [8, 4]},
								"up": {"uv": [12, 128], "uv_size": [2, 8]},
								"down": {"uv": [14, 136], "uv_size": [2, -8]}
							}
						}
					]
				}, 
				{
					"name": "rleg3c3",
					"parent": "rleg3c",
					"pivot": [-3, -12.6, 6],
					"rotation": [10, 0, 0],
					"cubes": [
						{
							"origin": [-4.2, -19.8, 1.2],
							"size": [2.4, 4.8, 4.8],
							"uv": {
								"north": {"uv": [10, 150], "uv_size": [2, 4]},
								"east": {"uv": [6, 150], "uv_size": [4, 4]},
								"south": {"uv": [16, 150], "uv_size": [2, 4]},
								"west": {"uv": [12, 150], "uv_size": [4, 4]},
								"up": {"uv": [10, 146], "uv_size": [2, 4]},
								"down": {"uv": [12, 150], "uv_size": [2, -4]}
							}
						}
					]
				}
			]
		}
	]
}