{
  "resource_pack_name":"vanilla",
  "texture_name":"atlas.items",
  "texture_data":{
    "nothing":{
      "textures":"textures/items/0.png"
    },
    "apple":{
      "textures":"textures/items/apple"
    },
    "apple_golden":{
      "textures":"textures/items/apple_golden"
    },
    "arrow":{
      "textures":"textures/items/arrow"
    },
    "axe":{
      "textures":[
        "textures/items/wood_axe",
        "textures/items/stone_axe",
        "textures/items/iron_axe",
        "textures/items/gold_axe",
        "textures/items/diamond_axe"
      ]
    },
    "bed":{
      "textures":"textures/items/bed"
    },
    "beef_cooked":{
      "textures":"textures/items/beef_cooked"
    },
    "beef_raw":{
      "textures":"textures/items/beef_raw"
    },
    "blaze_powder":{
      "textures":"textures/items/blaze_powder"
    },
    "blaze_rod":{
      "textures":"textures/items/blaze_rod"
    },
    "boat":{
      "textures":[
        "textures/items/boat_oak",
        "textures/items/boat_spruce",
        "textures/items/boat_birch",
        "textures/items/boat_jungle",
        "textures/items/boat_acacia",
        "textures/items/boat_darkoak"
      ]
    },
    "bone":{
      "textures":"textures/items/bone"
    },
    "book_enchanted":{
      "textures":"textures/items/book_enchanted"
    },
    "book_normal":{
      "textures":"textures/items/book_normal"
    },
    "book_writable":{
      "textures":"textures/items/book_writable"
    },
    "book_written":{
      "textures":"textures/items/book_written"
    },
    "book_portfolio":{
      "textures":"textures/items/book_portfolio"
    },
    "boots":{
      "textures":[
        "textures/items/leather_boots",
        "textures/items/chainmail_boots",
        "textures/items/iron_boots",
        "textures/items/gold_boots",
        "textures/items/diamond_boots"
      ]
    },
    "__leather_armor_icon":{
      "textures":[
        "textures/items/leather_helmet_icon",
        "textures/items/leather_chestplate_icon",
        "textures/items/leather_leggings_icon",
        "textures/items/leather_boots_icon"
      ]
    },
    "bowl":{
      "textures":"textures/items/bowl"
    },
    "bow_pulling":{
      "textures":[
        "textures/items/bow_pulling_0",
        "textures/items/bow_pulling_1",
        "textures/items/bow_pulling_2"
      ]
    },
    "bow_standby":{
      "textures":"textures/items/bow_standby"
    },
    "bread":{
      "textures":"textures/items/bread"
    },
    "brewing_stand":{
      "textures":"textures/items/brewing_stand"
    },
    "brick":{
      "textures":"textures/items/brick"
    },
    "bucket":{
      "textures":[
        "textures/items/bucket_empty",
        "textures/items/bucket_milk",
        "textures/items/bucket_water",
        "textures/items/bucket_lava"
      ]
    },
    "cake":{
      "textures":"textures/items/cake"
    },
    "carrot":{
      "textures":"textures/items/carrot"
    },
    "carrot_golden":{
      "textures":"textures/items/carrot_golden"
    },
    "carrot_on_a_stick":{
      "textures":"textures/items/carrot_on_a_stick"
    },
    "beetroot":{
      "textures":"textures/items/beetroot"
    },
    "cauldron":{
      "textures":"textures/items/cauldron"
    },
    "charcoal":{
      "textures":"textures/items/charcoal"
    },
    "chestplate":{
      "textures":[
        "textures/items/leather_chestplate",
        "textures/items/chainmail_chestplate",
        "textures/items/iron_chestplate",
        "textures/items/gold_chestplate",
        "textures/items/diamond_chestplate"
      ]
    },
    "chicken_cooked":{
      "textures":"textures/items/chicken_cooked"
    },
    "chicken_raw":{
      "textures":"textures/items/chicken_raw"
    },
    "chorus_fruit":{
      "textures":"textures/items/chorus_fruit"
    },
    "chorus_fruit_popped":{
      "textures":"textures/items/chorus_fruit_popped"
    },
    "mutton_cooked":{
      "textures":"textures/items/mutton_cooked"
    },
    "mutton_raw":{
      "textures":"textures/items/mutton_raw"
    },
    "clay_ball":{
      "textures":"textures/items/clay_ball"
    },
    "coal":{
      "textures":"textures/items/coal"
    },
    "comparator":{
      "textures":"textures/items/comparator"
    },
    "cookie":{
      "textures":"textures/items/cookie"
    },
    "diamond":{
      "textures":"textures/items/diamond"
    },
    "diamond_horse_armor":{
      "textures":"textures/items/diamond_horse_armor"
    },
    "iron_door":{
      "textures":"textures/items/door_iron"
    },
    "wooden_door":{
      "textures":"textures/items/door_wood"
    },
    "spruce_door":{
      "textures":"textures/items/door_spruce"
    },
    "birch_door":{
      "textures":"textures/items/door_birch"
    },
    "jungle_door":{
      "textures":"textures/items/door_jungle"
    },
    "acacia_door":{
      "textures":"textures/items/door_acacia"
    },
    "dark_oak_door":{
      "textures":"textures/items/door_dark_oak"
    },
    "dragon_breath":{
      "textures":"textures/items/dragons_breath"
    },
    "dye_powder":{
      "textures":[
        "textures/items/dye_powder_black",
        "textures/items/dye_powder_red",
        "textures/items/dye_powder_green",
        "textures/items/dye_powder_brown",
        "textures/items/dye_powder_blue",
        "textures/items/dye_powder_purple",
        "textures/items/dye_powder_cyan",
        "textures/items/dye_powder_silver",
        "textures/items/dye_powder_gray",
        "textures/items/dye_powder_pink",
        "textures/items/dye_powder_lime",
        "textures/items/dye_powder_yellow",
        "textures/items/dye_powder_light_blue",
        "textures/items/dye_powder_magenta",
        "textures/items/dye_powder_orange",
        "textures/items/dye_powder_white"
      ]
    },
    "egg":{
      "textures":"textures/items/egg"
    },
    "emerald":{
      "textures":"textures/items/emerald"
    },
    "empty_armor_slot_boots":{
      "textures":"textures/items/empty_armor_slot_boots"
    },
    "empty_armor_slot_chestplate":{
      "textures":"textures/items/empty_armor_slot_chestplate"
    },
    "empty_armor_slot_helmet":{
      "textures":"textures/items/empty_armor_slot_helmet"
    },
    "empty_armor_slot_leggings":{
      "textures":"textures/items/empty_armor_slot_leggings"
    },
    "ender_eye":{
      "textures":"textures/items/ender_eye"
    },
    "ender_pearl":{
      "textures":"textures/items/ender_pearl"
    },
    "end_crystal":{
      "textures":"textures/items/end_crystal"
    },
    "experience_bottle":{
      "textures":"textures/items/experience_bottle"
    },
    "feather":{
      "textures":"textures/items/feather"
    },
    "fireball":{
      "textures":"textures/items/fireball"
    },
    "fireworks":{
      "textures":"textures/items/fireworks"
    },
    "fireworks_charge":{
      "textures":"textures/items/fireworks_charge"
    },
    "fireworks_charge_overlay":{
      "textures":"textures/items/fireworks_charge_overlay"
    },
    "fishing_rod":{
      "textures":[
        "textures/items/fishing_rod_uncast",
        "textures/items/fishing_rod_cast"
      ]
    },
    "fish":{
      "textures":"textures/items/fish_raw"
    },
    "salmon":{
      "textures":"textures/items/fish_salmon_raw"
    },
    "clownfish":{
      "textures":"textures/items/fish_clownfish_raw"
    },
    "pufferfish":{
      "textures":"textures/items/fish_pufferfish_raw"
    },
    "cooked_fish":{
      "textures":"textures/items/fish_cooked"
    },
    "cooked_salmon":{
      "textures":"textures/items/fish_salmon_cooked"
    },
    "elytra":{
      "textures":[
        "textures/items/elytra",
        "textures/items/broken_elytra"
      ]
    },
    "flint":{
      "textures":"textures/items/flint"
    },
    "flint_and_steel":{
      "textures":"textures/items/flint_and_steel"
    },
    "flower_pot":{
      "textures":"textures/items/flower_pot"
    },
    "ghast_tear":{
      "textures":"textures/items/ghast_tear"
    },
    "glowstone_dust":{
      "textures":"textures/items/glowstone_dust"
    },
    "gold_horse_armor":{
      "textures":"textures/items/gold_horse_armor"
    },
    "gold_ingot":{
      "textures":"textures/items/gold_ingot"
    },
    "gold_nugget":{
      "textures":"textures/items/gold_nugget"
    },
    "gunpowder":{
      "textures":"textures/items/gunpowder"
    },
    "helmet":{
      "textures":[
        "textures/items/leather_helmet",
        "textures/items/chainmail_helmet",
        "textures/items/iron_helmet",
        "textures/items/gold_helmet",
        "textures/items/diamond_helmet"
      ]
    },
    "hoe":{
      "textures":[
        "textures/items/wood_hoe",
        "textures/items/stone_hoe",
        "textures/items/iron_hoe",
        "textures/items/gold_hoe",
        "textures/items/diamond_hoe"
      ]
    },
    "hopper":{
      "textures":"textures/items/hopper"
    },
    "iron_horse_armor":{
      "textures":"textures/items/iron_horse_armor"
    },
    "iron_ingot":{
      "textures":"textures/items/iron_ingot"
    },
    "item_frame":{
      "textures":"textures/items/item_frame"
    },
    "lead":{
      "textures":"textures/items/lead"
    },
    "leather":{
      "textures":"textures/items/leather"
    },
    "leather_horse_armor":{
      "textures":"textures/items/leather_horse_armor"
    },
    "leggings":{
      "textures":[
        "textures/items/leather_leggings",
        "textures/items/chainmail_leggings",
        "textures/items/iron_leggings",
        "textures/items/gold_leggings",
        "textures/items/diamond_leggings"
      ]
    },
    "magma_cream":{
      "textures":"textures/items/magma_cream"
    },
    "map_empty":{
      "textures":"textures/items/map_empty"
    },
    "map_filled":{
      "textures":"textures/items/map_filled"
    },
    "melon":{
      "textures":"textures/items/melon"
    },
    "melon_speckled":{
      "textures":"textures/items/melon_speckled"
    },
    "minecart_chest":{
      "textures":"textures/items/minecart_chest"
    },
    "minecart_furnace":{
      "textures":"textures/items/minecart_furnace"
    },
    "minecart_hopper":{
      "textures":"textures/items/minecart_hopper"
    },
    "minecart_normal":{
      "textures":"textures/items/minecart_normal"
    },
    "minecart_tnt":{
      "textures":"textures/items/minecart_tnt"
    },
    "mushroom_stew":{
      "textures":"textures/items/mushroom_stew"
    },
    "beetroot_soup":{
      "textures":"textures/items/beetroot_soup"
    },
    "name_tag":{
      "textures":"textures/items/name_tag"
    },
    "netherbrick":{
      "textures":"textures/items/netherbrick"
    },
    "nether_star":{
      "textures":"textures/items/nether_star"
    },
    "nether_wart":{
      "textures":"textures/items/nether_wart"
    },
    "painting":{
      "textures":"textures/items/painting"
    },
    "paper":{
      "textures":"textures/items/paper"
    },
    "pickaxe":{
      "textures":[
        "textures/items/wood_pickaxe",
        "textures/items/stone_pickaxe",
        "textures/items/iron_pickaxe",
        "textures/items/gold_pickaxe",
        "textures/items/diamond_pickaxe"
      ]
    },
    "porkchop_cooked":{
      "textures":"textures/items/porkchop_cooked"
    },
    "porkchop_raw":{
      "textures":"textures/items/porkchop_raw"
    },
    "potato":{
      "textures":"textures/items/potato"
    },
    "potato_baked":{
      "textures":"textures/items/potato_baked"
    },
    "potato_poisonous":{
      "textures":"textures/items/potato_poisonous"
    },
    "potion_bottle_drinkable":{
      "textures":[
        "textures/items/potion_bottle_drinkable",
        "textures/items/potion_bottle_moveSpeed",
        "textures/items/potion_bottle_moveSlowdown",
        "textures/items/potion_bottle_digSpeed",
        "textures/items/potion_bottle_digSlowdown",
        "textures/items/potion_bottle_damageBoost",
        "textures/items/potion_bottle_heal",
        "textures/items/potion_bottle_harm",
        "textures/items/potion_bottle_jump",
        "textures/items/potion_bottle_confusion",
        "textures/items/potion_bottle_regeneration",
        "textures/items/potion_bottle_resistance",
        "textures/items/potion_bottle_fireResistance",
        "textures/items/potion_bottle_waterBreathing",
        "textures/items/potion_bottle_invisibility",
        "textures/items/potion_bottle_blindness",
        "textures/items/potion_bottle_nightVision",
        "textures/items/potion_bottle_hunger",
        "textures/items/potion_bottle_weakness",
        "textures/items/potion_bottle_poison",
        "textures/items/potion_bottle_wither",
        "textures/items/potion_bottle_healthBoost",
        "textures/items/potion_bottle_absorption",
        "textures/items/potion_bottle_saturation",
        "textures/items/potion_bottle_levitation"
      ]
    },
    "potion_bottle_empty":{
      "textures":"textures/items/potion_bottle_empty"
    },
    "potion_bottle_lingering":{
      "textures":[
        "textures/items/potion_bottle_lingering",
        "textures/items/potion_bottle_lingering_moveSpeed",
        "textures/items/potion_bottle_lingering_moveSlowdown",
        "textures/items/potion_bottle_lingering_empty",
        "textures/items/potion_bottle_lingering_empty",
        "textures/items/potion_bottle_lingering_damageBoost",
        "textures/items/potion_bottle_lingering_heal",
        "textures/items/potion_bottle_lingering_harm",
        "textures/items/potion_bottle_lingering_jump",
        "textures/items/potion_bottle_lingering_empty",
        "textures/items/potion_bottle_lingering_regeneration",
        "textures/items/potion_bottle_lingering_empty",
        "textures/items/potion_bottle_lingering_fireResistance",
        "textures/items/potion_bottle_lingering_waterBreathing",
        "textures/items/potion_bottle_lingering_invisibility",
        "textures/items/potion_bottle_lingering_empty",
        "textures/items/potion_bottle_lingering_nightVision",
        "textures/items/potion_bottle_lingering_empty",
        "textures/items/potion_bottle_lingering_weakness",
        "textures/items/potion_bottle_lingering_poison",
        "textures/items/potion_bottle_lingering_wither",
        "textures/items/potion_bottle_lingering_empty",
        "textures/items/potion_bottle_lingering_empty",
        "textures/items/potion_bottle_lingering_empty",
        "textures/items/potion_bottle_lingering_empty"
      ]
    },
    "potion_bottle_splash":{
      "textures":[
        "textures/items/potion_bottle_splash",
        "textures/items/potion_bottle_splash_moveSpeed",
        "textures/items/potion_bottle_splash_moveSlowdown",
        "textures/items/potion_bottle_splash_digSpeed",
        "textures/items/potion_bottle_splash_digSlowdown",
        "textures/items/potion_bottle_splash_damageBoost",
        "textures/items/potion_bottle_splash_heal",
        "textures/items/potion_bottle_splash_harm",
        "textures/items/potion_bottle_splash_jump",
        "textures/items/potion_bottle_splash_confusion",
        "textures/items/potion_bottle_splash_regeneration",
        "textures/items/potion_bottle_splash_resistance",
        "textures/items/potion_bottle_splash_fireResistance",
        "textures/items/potion_bottle_splash_waterBreathing",
        "textures/items/potion_bottle_splash_invisibility",
        "textures/items/potion_bottle_splash_blindness",
        "textures/items/potion_bottle_splash_nightVision",
        "textures/items/potion_bottle_splash_hunger",
        "textures/items/potion_bottle_splash_weakness",
        "textures/items/potion_bottle_splash_poison",
        "textures/items/potion_bottle_splash_wither",
        "textures/items/potion_bottle_splash_healthBoost",
        "textures/items/potion_bottle_splash_absorption",
        "textures/items/potion_bottle_splash_saturation",
        "textures/items/potion_bottle_splash"
      ]
    },
    "potion_overlay":{
      "textures":"textures/items/potion_overlay"
    },
    "pumpkin_pie":{
      "textures":"textures/items/pumpkin_pie"
    },
    "prismarine_crystals":{
      "textures":"textures/items/prismarine_crystals"
    },
    "prismarine_shard":{
      "textures":"textures/items/prismarine_shard"
    },
    "quartz":{
      "textures":"textures/items/quartz"
    },
    "quiver":{
      "textures":"textures/items/quiver"
    },
    "record_11":{
      "textures":"textures/items/record_11"
    },
    "record_13":{
      "textures":"textures/items/record_13"
    },
    "record_blocks":{
      "textures":"textures/items/record_blocks"
    },
    "record_cat":{
      "textures":"textures/items/record_cat"
    },
    "record_chirp":{
      "textures":"textures/items/record_chirp"
    },
    "record_far":{
      "textures":"textures/items/record_far"
    },
    "record_mall":{
      "textures":"textures/items/record_mall"
    },
    "record_mellohi":{
      "textures":"textures/items/record_mellohi"
    },
    "record_stal":{
      "textures":"textures/items/record_stal"
    },
    "record_strad":{
      "textures":"textures/items/record_strad"
    },
    "record_wait":{
      "textures":"textures/items/record_wait"
    },
    "record_ward":{
      "textures":"textures/items/record_ward"
    },
    "redstone_dust":{
      "textures":"textures/items/redstone_dust"
    },
    "reeds":{
      "textures":"textures/items/reeds"
    },
    "repeater":{
      "textures":"textures/items/repeater"
    },
    "rotten_flesh":{
      "textures":"textures/items/rotten_flesh"
    },
    "saddle":{
      "textures":"textures/items/saddle"
    },
    "seeds_melon":{
      "textures":"textures/items/seeds_melon"
    },
    "seeds_pumpkin":{
      "textures":"textures/items/seeds_pumpkin"
    },
    "seeds_wheat":{
      "textures":"textures/items/seeds_wheat"
    },
    "seeds_beetroot":{
      "textures":"textures/items/seeds_beetroot"
    },
    "shears":{
      "textures":"textures/items/shears"
    },
    "shovel":{
      "textures":[
        "textures/items/wood_shovel",
        "textures/items/stone_shovel",
        "textures/items/iron_shovel",
        "textures/items/gold_shovel",
        "textures/items/diamond_shovel"
      ]
    },
    "sign":{
      "textures":"textures/items/sign"
    },
    "skull_creeper":{
      "textures":"textures/items/skull_creeper"
    },
    "skull_dragon":{
      "textures":"textures/items/skull_dragon"
    },
    "skull_skeleton":{
      "textures":"textures/items/skull_skeleton"
    },
    "skull_steve":{
      "textures":"textures/items/skull_steve"
    },
    "skull_wither":{
      "textures":"textures/items/skull_wither"
    },
    "skull_zombie":{
      "textures":"textures/items/skull_zombie"
    },
    "slimeball":{
      "textures":"textures/items/slimeball"
    },
    "snowball":{
      "textures":"textures/items/snowball"
    },
    "spawn_egg":{
      "textures":[
        "textures/items/egg_chicken",
        "textures/items/egg_cow",
        "textures/items/egg_pig",
        "textures/items/egg_sheep",
        "textures/items/egg_wolf",
        "textures/items/egg_mushroomcow",
        "textures/items/egg_creeper",
        "textures/items/egg_enderman",
        "textures/items/egg_silverfish",
        "textures/items/egg_skeleton",
        "textures/items/egg_slime",
        "textures/items/egg_spider",
        "textures/items/egg_zombie",
        "textures/items/egg_pigzombie",
        "textures/items/egg_villager",
        "textures/items/egg_squid",
        "textures/items/egg_ocelot",
        "textures/items/egg_witch",
        "textures/items/egg_bat",
        "textures/items/egg_ghast",
        "textures/items/egg_lava_slime",
        "textures/items/egg_blaze",
        "textures/items/egg_cave_spider",
        "textures/items/egg_horse",
        "textures/items/egg_rabbit",
        "textures/items/egg_endermite",
        "textures/items/egg_guardian",
        "textures/items/egg_stray",
        "textures/items/egg_husk",
        "textures/items/egg_wither",
        "textures/items/egg_donkey",
        "textures/items/egg_mule",
        "textures/items/egg_skeletonhorse",
        "textures/items/egg_zombiehorse",
        "textures/items/egg_shulker",
        "textures/items/egg_npc",
        "textures/items/egg_elderguardian",
        "textures/items/egg_polarbear",
        "textures/items/egg_null"
      ]
    },
    "spider_eye":{
      "textures":"textures/items/spider_eye"
    },
    "spider_eye_fermented":{
      "textures":"textures/items/spider_eye_fermented"
    },
    "stick":{
      "textures":"textures/items/stick"
    },
    "string":{
      "textures":"textures/items/string"
    },
    "sugar":{
      "textures":"textures/items/sugar"
    },
    "sword":{
      "textures":[
        "textures/items/wood_sword",
        "textures/items/stone_sword",
        "textures/items/iron_sword",
        "textures/items/gold_sword",
        "textures/items/diamond_sword"
      ]
    },
    "wheat":{
      "textures":"textures/items/wheat"
    },
    "clock_item":{
      "textures":"textures/items/clock_item"
    },
    "compass_item":{
      "textures":"textures/items/compass_item"
    },
    "rabbit_cooked":{
      "textures":"textures/items/rabbit_cooked"
    },
    "rabbit_foot":{
      "textures":"textures/items/rabbit_foot"
    },
    "rabbit_hide":{
      "textures":"textures/items/rabbit_hide"
    },
    "rabbit":{
      "textures":"textures/items/rabbit_raw"
    },
    "rabbit_stew":{
      "textures":"textures/items/rabbit_stew"
    },
    "lever":{
      "textures":"textures/items/lever"
    },
    "camera":{
      "textures":[
        "textures/items/missing_icon.png"
      ]
    },
    "chalkboard":{
      "textures":[
        "textures/items/chalkboard_small",
        "textures/items/chalkboard_medium",
        "textures/items/chalkboard_large"
      ]
    },
    "tipped_arrow":{
      "textures":[
        "textures/items/tipped_arrow_waterbreathing",
        "textures/items/tipped_arrow_swift",
        "textures/items/tipped_arrow_slow",
        "textures/items/tipped_arrow",
        "textures/items/tipped_arrow",
        "textures/items/tipped_arrow_strength",
        "textures/items/tipped_arrow_healing",
        "textures/items/tipped_arrow_harm",
        "textures/items/tipped_arrow_leaping",
        "textures/items/tipped_arrow",
        "textures/items/tipped_arrow_regen",
        "textures/items/tipped_arrow_fireres",
        "textures/items/tipped_arrow_fireres",
        "textures/items/tipped_arrow_waterbreathing",
        "textures/items/tipped_arrow_invisibility",
        "textures/items/tipped_arrow",
        "textures/items/tipped_arrow_nightvision",
        "textures/items/tipped_arrow",
        "textures/items/tipped_arrow_weakness",
        "textures/items/tipped_arrow_poison",
        "textures/items/tipped_arrow",
        "textures/items/tipped_arrow",
        "textures/items/tipped_arrow",
        "textures/items/tipped_arrow",
        "textures/items/tipped_arrow_luck"
      ]
    },
    "shulker_shell":{
      "textures":"textures/items/shulker_shell"
    },
    "missing_icon":{
      "textures":[
        "textures/items/missing_icon.png"
      ]
    },
    "grassstring":{
      "textures":[
        "textures/items/grassstring_0.png"
      ]
    },
    "stone_R":{
      "textures":[
        "textures/items/stone_R_0.png"
      ]
    },
    "copperore":{
      "textures":[
        "textures/items/copperore_0.png"
      ]
    },
    "oakbr":{
      "textures":[
        "textures/items/oakbr_0.png"
      ]
    },
    "stickR":{
      "textures":[
        "textures/items/stickR.png"
      ]
    },
    "stoneaxe":{
      "textures":[
        "textures/items/stoneaxe.png"
      ]
    },
    "stonehoe":{
      "textures":[
        "textures/items/stonehoe_0.png"
      ]
    },
    "stonespear":{
      "textures":[
        "textures/items/stonespear_0.png"
      ]
    },
    "bbr":{
      "textures":[
        "textures/items/bbr_0.png"
      ]
    },
    "ebr":{
      "textures":[
        "textures/items/ebr_0.png"
      ]
    },
    "tropicbr":{
      "textures":[
        "textures/items/tropicbr_0.png"
      ]
    },
    "akaciabr":{
      "textures":[
        "textures/items/akaciabr_0.png"
      ]
    },
    "darkoakbr":{
      "textures":[
        "textures/items/darkoakbr_0.png"
      ]
    },
    "stonepickaxe":{
      "textures":[
        "textures/items/stonepickaxe_0.png"
      ]
    },
    "stannumore":{
      "textures":[
        "textures/items/stannumore_0.png"
      ]
    },
    "ironore":{
      "textures":[
        "textures/items/ironore_0.png"
      ]
    },
    "goldore":{
      "textures":[
        "textures/items/goldore_0.png"
      ]
    },
    "ironnugget":{
      "textures":[
        "textures/items/ironnugget.png"
      ]
    },
    "sanddust":{
      "textures":[
        "textures/items/sanddust_0.png"
      ]
    },
    "goldnugget":{
      "textures":[
        "textures/items/goldnugget.png"
      ]
    },
    "stannumnugget":{
      "textures":[
        "textures/items/stannumnugget_0.png"
      ]
    },
    "coppernugget":{
      "textures":[
        "textures/items/coppernugget_0.png"
      ]
    },
    "plank":{
      "textures":[
        "textures/items/plank_0.png"
      ]
    },
    "zinknugget":{
      "textures":[
        "textures/items/zinknugget_0.png"
      ]
    },
    "alnugget":{
      "textures":[
        "textures/items/alnugget_0.png"
      ]
    },
    "zinkore":{
      "textures":[
        "textures/items/zinkore_0.png"
      ]
    },
    "alore":{
      "textures":[
        "textures/items/alore_0.png"
      ]
    },
    "malachite":{
      "textures":[
        "textures/items/malachite_0.png"
      ]
    },
    "suh":{
      "textures":[
        "textures/items/suh_0.png"
      ]
    },
    "muka":{
      "textures":[
        "textures/items/muka_0.png"
      ]
    },
    "quicksilverore":{
      "textures":[
        "textures/items/quicksilverore_0.png"
      ]
    },
    "quicksilver":{
      "textures":[
        "textures/items/quicksilver_0.png"
      ]
    },
    "kimberlite":{
      "textures":[
        "textures/items/kimberlite_0.png"
      ]
    },
    "diamondr":{
      "textures":[
        "textures/items/diamondr_0.png"
      ]
    },
    "pickaxeform":{
      "textures":[
        "textures/items/pickaxeform_0.png"
      ]
    },
    "axeform":{
      "textures":[
        "textures/items/axeform_0.png"
      ]
    },
    "shovelform":{
      "textures":[
        "textures/items/shovelform_0.png"
      ]
    },
    "hoeform":{
      "textures":[
        "textures/items/hoeform_0.png"
      ]
    },
    "swordform":{
      "textures":[
        "textures/items/swordform_0.png"
      ]
    },
    "fpickaxeform":{
      "textures":[
        "textures/items/fpickaxeform_0.png"
      ]
    },
    "faxeform":{
      "textures":[
        "textures/items/faxeform_0.png"
      ]
    },
    "fshovelform":{
      "textures":[
        "textures/items/fshovelform_0.png"
      ]
    },
    "fhoeform":{
      "textures":[
        "textures/items/fhoeform_0.png"
      ]
    },
    "fswordform":{
      "textures":[
        "textures/items/fswordform_0.png"
      ]
    },
    "zinkaxef":{
      "textures":[
        "textures/items/zinkaxef_0.png"
      ]
    },
    "zinkhoef":{
      "textures":[
        "textures/items/zinkhoef_0.png"
      ]
    },
    "zinkpickaxef":{
      "textures":[
        "textures/items/zinkpickaxef_0.png"
      ]
    },
    "zinkshovelf":{
      "textures":[
        "textures/items/zinkshovelf_0.png"
      ]
    },
    "zinkswordf":{
      "textures":[
        "textures/items/zinkswordf_0.png"
      ]
    },
    "stannumaxef":{
      "textures":[
        "textures/items/stannumaxef_0.png"
      ]
    },
    "stannumhoef":{
      "textures":[
        "textures/items/stannumhoef_0.png"
      ]
    },
    "stannumpickaxef":{
      "textures":[
        "textures/items/stannumpickaxef_0.png"
      ]
    },
    "stannumshovelf":{
      "textures":[
        "textures/items/stannumshovelf_0.png"
      ]
    },
    "stannumswordf":{
      "textures":[
        "textures/items/stannumswordf_0.png"
      ]
    },
    "alaxef":{
      "textures":[
        "textures/items/alaxef_0.png"
      ]
    },
    "alhoef":{
      "textures":[
        "textures/items/alhoef_0.png"
      ]
    },
    "alpickaxef":{
      "textures":[
        "textures/items/alpickaxef_0.png"
      ]
    },
    "alshovelf":{
      "textures":[
        "textures/items/alshovelf_0.png"
      ]
    },
    "alswordf":{
      "textures":[
        "textures/items/alswordf_0.png"
      ]
    },
    "copperingot":{
      "textures":[
        "textures/items/copperingot_0.png"
      ]
    },
    "stannumingot":{
      "textures":[
        "textures/items/stannumingot_0.png"
      ]
    },
    "alingot":{
      "textures":[
        "textures/items/alingot_0.png"
      ]
    },
    "zinkingot":{
      "textures":[
        "textures/items/zinkingot_0.png"
      ]
    },
    "ironingot":{
      "textures":[
        "textures/items/ironingot_0.png"
      ]
    },
    "copperaxef":{
      "textures":[
        "textures/items/copperaxef_0.png"
      ]
    },
    "goldingot":{
      "textures":[
        "textures/items/goldingot_0.png"
      ]
    },
    "copperhoef":{
      "textures":[
        "textures/items/copperhoef_0.png"
      ]
    },
    "copperpickaxef":{
      "textures":[
        "textures/items/copperpickaxef_0.png"
      ]
    },
    "coppershovelf":{
      "textures":[
        "textures/items/coppershovelf_0.png"
      ]
    },
    "copperswordf":{
      "textures":[
        "textures/items/copperswordf_0.png"
      ]
    },
    "ironaxef":{
      "textures":[
        "textures/items/ironaxef_0.png"
      ]
    },
    "ironhoef":{
      "textures":[
        "textures/items/ironhoef_0.png"
      ]
    },
    "ironpickaxef":{
      "textures":[
        "textures/items/ironpickaxef_0.png"
      ]
    },
    "ironshovelf":{
      "textures":[
        "textures/items/ironshovelf_0.png"
      ]
    },
    "ironswordf":{
      "textures":[
        "textures/items/ironswordf_0.png"
      ]
    },
    "ironaxe":{
      "textures":[
        "textures/items/ironaxe_0.png"
      ]
    },
    "ironhoe":{
      "textures":[
        "textures/items/ironhoe_0.png"
      ]
    },
    "ironpickaxe":{
      "textures":[
        "textures/items/ironpickaxe_0.png"
      ]
    },
    "ironshovel":{
      "textures":[
        "textures/items/ironshovel_0.png"
      ]
    },
    "ironsword":{
      "textures":[
        "textures/items/ironsword_0.png"
      ]
    },
    "zinkaxe":{
      "textures":[
        "textures/items/zinkaxe_0.png"
      ]
    },
    "zinkhoe":{
      "textures":[
        "textures/items/zinkhoe_0.png"
      ]
    },
    "zinkpickaxe":{
      "textures":[
        "textures/items/zinkpickaxe_0.png"
      ]
    },
    "zinkshovel":{
      "textures":[
        "textures/items/zinkshovel_0.png"
      ]
    },
    "zinksword":{
      "textures":[
        "textures/items/zinksword_0.png"
      ]
    },
    "alaxe":{
      "textures":[
        "textures/items/alaxe_0.png"
      ]
    },
    "stannumaxe":{
      "textures":[
        "textures/items/stannumaxe_0.png"
      ]
    },
    "alhoe":{
      "textures":[
        "textures/items/alhoe_0.png"
      ]
    },
    "stannumhoe":{
      "textures":[
        "textures/items/stannumhoe_0.png"
      ]
    },
    "alpickaxe":{
      "textures":[
        "textures/items/alpickaxe_0.png"
      ]
    },
    "stannumpickaxe":{
      "textures":[
        "textures/items/stannumpickaxe_0.png"
      ]
    },
    "z":{
      "textures":[
        "textures/items/z.png"
      ]
    },
    "alshovel":{
      "textures":[
        "textures/items/alshovel_0.png"
      ]
    },
    "stannumshovel":{
      "textures":[
        "textures/items/stannumshovel_0.png"
      ]
    },
    "alsword":{
      "textures":[
        "textures/items/alsword_0.png"
      ]
    },
    "stannumsword":{
      "textures":[
        "textures/items/stannumsword_0.png"
      ]
    },
    "copperaxe":{
      "textures":[
        "textures/items/copperaxe_0.png"
      ]
    },
    "copperhoe":{
      "textures":[
        "textures/items/copperhoe_0.png"
      ]
    },
    "copperpickaxe":{
      "textures":[
        "textures/items/copperpickaxe_0.png"
      ]
    },
    "coppershovel":{
      "textures":[
        "textures/items/coppershovel_0.png"
      ]
    },
    "coppersword":{
      "textures":[
        "textures/items/coppersword_0.png"
      ]
    },
    "alplate":{
      "textures":[
        "textures/items/alplate_0.png"
      ]
    },
    "stannumplate":{
      "textures":[
        "textures/items/stannumplate_0.png"
      ]
    },
    "ironplate":{
      "textures":[
        "textures/items/ironplate_0.png"
      ]
    },
    "copperplate":{
      "textures":[
        "textures/items/copperplate_0.png"
      ]
    },
    "zinkplate":{
      "textures":[
        "textures/items/zinkplate_0.png"
      ]
    },
    "copperhelmet":{
      "textures":[
        "textures/items/copperhelmet_0.png"
      ]
    },
    "alhelmet":{
      "textures":[
        "textures/items/alhelmet_0.png"
      ]
    },
    "stannumhelmet":{
      "textures":[
        "textures/items/stannumhelmet_0.png"
      ]
    },
    "zinkhelmet":{
      "textures":[
        "textures/items/zinkhelmet_0.png"
      ]
    },
    "copperchestplate":{
      "textures":[
        "textures/items/copperchestplate_0.png"
      ]
    },
    "alchestplate":{
      "textures":[
        "textures/items/alchestplate_0.png"
      ]
    },
    "stannumchestplate":{
      "textures":[
        "textures/items/stannumchestplate_0.png"
      ]
    },
    "zinkchestplate":{
      "textures":[
        "textures/items/zinkchestplate_0.png"
      ]
    },
    "bronzeore":{
      "textures":[
        "textures/items/bronzeore_0.png"
      ]
    },
    "alleggings":{
      "textures":[
        "textures/items/alleggings_0.png"
      ]
    },
    "stannumleggings":{
      "textures":[
        "textures/items/stannumleggings_0.png"
      ]
    },
    "zinkleggings":{
      "textures":[
        "textures/items/zinkleggings_0.png"
      ]
    },
    "copperboots":{
      "textures":[
        "textures/items/copperboots_0.png"
      ]
    },
    "alboots":{
      "textures":[
        "textures/items/alboots_0.png"
      ]
    },
    "stannumboots":{
      "textures":[
        "textures/items/stannumboots_0.png"
      ]
    },
    "zinkboots":{
      "textures":[
        "textures/items/zinkboots_0.png"
      ]
    },
    "ironboots":{
      "textures":[
        "textures/items/ironboots_0.png"
      ]
    },
    "ironhelmet":{
      "textures":[
        "textures/items/ironhelmet_0.png"
      ]
    },
    "ironleggings":{
      "textures":[
        "textures/items/ironleggings_0.png"
      ]
    },
    "ironchestplate":{
      "textures":[
        "textures/items/ironchestplate_0.png"
      ]
    },
    "copperleggings":{
      "textures":[
        "textures/items/copperleggings_0.png"
      ]
    },
    "latunore":{
      "textures":[
        "textures/items/latunore_0.png"
      ]
    },
    "dalore":{
      "textures":[
        "textures/items/dalore_0.png"
      ]
    },
    "bronzeingot":{
      "textures":[
        "textures/items/bronzeingot_0.png"
      ]
    },
    "dalingot":{
      "textures":[
        "textures/items/dalingot_0.png"
      ]
    },
    "latuningot":{
      "textures":[
        "textures/items/latuningot_0.png"
      ]
    },
    "bronzeaxef":{
      "textures":[
        "textures/items/bronzeaxef_0.png"
      ]
    },
    "latunaxef":{
      "textures":[
        "textures/items/latunaxef_0.png"
      ]
    },
    "dalaxef":{
      "textures":[
        "textures/items/dalaxef_0.png"
      ]
    },
    "bronzehoef":{
      "textures":[
        "textures/items/bronzehoef_0.png"
      ]
    },
    "latunhoef":{
      "textures":[
        "textures/items/latunhoef_0.png"
      ]
    },
    "dalhoef":{
      "textures":[
        "textures/items/dalhoef_0.png"
      ]
    },
    "bronzepickaxef":{
      "textures":[
        "textures/items/bronzepickaxef_0.png"
      ]
    },
    "latunpickaxef":{
      "textures":[
        "textures/items/latunpickaxef_0.png"
      ]
    },
    "dalpickaxef":{
      "textures":[
        "textures/items/dalpickaxef_0.png"
      ]
    },
    "bronzeshovelf":{
      "textures":[
        "textures/items/bronzeshovelf_0.png"
      ]
    },
    "latunshovelf":{
      "textures":[
        "textures/items/latunshovelf_0.png"
      ]
    },
    "dalshovelf":{
      "textures":[
        "textures/items/dalshovelf_0.png"
      ]
    },
    "bronzeswordf":{
      "textures":[
        "textures/items/bronzeswordf_0.png"
      ]
    },
    "latunswordf":{
      "textures":[
        "textures/items/latunswordf_0.png"
      ]
    },
    "dalswordf":{
      "textures":[
        "textures/items/dalswordf_0.png"
      ]
    },
    "bronzeaxe":{
      "textures":[
        "textures/items/bronzeaxe_0.png"
      ]
    },
    "latunaxe":{
      "textures":[
        "textures/items/latunaxe_0.png"
      ]
    },
    "dalaxe":{
      "textures":[
        "textures/items/dalaxe_0.png"
      ]
    },
    "bronzehoe":{
      "textures":[
        "textures/items/bronzehoe_0.png"
      ]
    },
    "latunhoe":{
      "textures":[
        "textures/items/latunhoe_0.png"
      ]
    },
    "dalhoe":{
      "textures":[
        "textures/items/dalhoe_0.png"
      ]
    },
    "bronzepickaxe":{
      "textures":[
        "textures/items/bronzepickaxe_0.png"
      ]
    },
    "latunpickaxe":{
      "textures":[
        "textures/items/latunpickaxe_0.png"
      ]
    },
    "dalpickaxe":{
      "textures":[
        "textures/items/dalpickaxe_0.png"
      ]
    },
    "bronzeshovel":{
      "textures":[
        "textures/items/bronzeshovel_0.png"
      ]
    },
    "latunshovel":{
      "textures":[
        "textures/items/latunshovel_0.png"
      ]
    },
    "dalshovel":{
      "textures":[
        "textures/items/dalshovel_0.png"
      ]
    },
    "bronzesword":{
      "textures":[
        "textures/items/bronzesword_0.png"
      ]
    },
    "latunsword":{
      "textures":[
        "textures/items/latunsword_0.png"
      ]
    },
    "dalsword":{
      "textures":[
        "textures/items/dalsword_0.png"
      ]
    },
    "bronzeplate":{
      "textures":[
        "textures/items/bronzeplate_0.png"
      ]
    },
    "latunplate":{
      "textures":[
        "textures/items/latunplate_0.png"
      ]
    },
    "dalplate":{
      "textures":[
        "textures/items/dalplate_0.png"
      ]
    },
    "bronzehelmet":{
      "textures":[
        "textures/items/bronzehelmet_0.png"
      ]
    },
    "latunhelmet":{
      "textures":[
        "textures/items/latunhelmet_0.png"
      ]
    },
    "dalhelmet":{
      "textures":[
        "textures/items/dalhelmet_0.png"
      ]
    },
    "bronzechestplate":{
      "textures":[
        "textures/items/bronzechestplate_0.png"
      ]
    },
    "latunchestplate":{
      "textures":[
        "textures/items/latunchestplate_0.png"
      ]
    },
    "dalchestplate":{
      "textures":[
        "textures/items/dalchestplate_0.png"
      ]
    },
    "bronzeleggings":{
      "textures":[
        "textures/items/bronzeleggings_0.png"
      ]
    },
    "latunleggings":{
      "textures":[
        "textures/items/latunleggings_0.png"
      ]
    },
    "dalleggings":{
      "textures":[
        "textures/items/dalleggings_0.png"
      ]
    },
    "bronzeboots":{
      "textures":[
        "textures/items/bronzeboots_0.png"
      ]
    },
    "latunboots":{
      "textures":[
        "textures/items/latunboots_0.png"
      ]
    },
    "dalboots":{
      "textures":[
        "textures/items/dalboots_0.png"
      ]
    },
    "nitrokalit":{
      "textures":[
        "textures/items/nitrokalit_0.png"
      ]
    },
    "KNO3":{
      "textures":[
        "textures/items/KNO3_0.png"
      ]
    },
    "sulfur":{
      "textures":[
        "textures/items/sulfur_0.png"
      ]
    },
    "rgun":{
      "textures":[
        "textures/items/rgun_0.png"
      ]
    },
    "bullet":{
      "textures":[
        "textures/items/bullet_0.png"
      ]
    },
    "gun":{
      "textures":[
        "textures/items/gun_0.png"
      ]
    },
    "arbalet":{
      "textures":[
        "textures/items/arbalet_0.png"
      ]
    },
    "bolt":{
      "textures":[
        "textures/items/bolt_0.png"
      ]
    },
    "backpack":{
      "textures":[
        "textures/items/backpack_0.png"
      ]
    },
    "zhir":{
      "textures":[
        "textures/items/zhir_0.png"
      ]
    },
    "sulfurkix":{
      "textures":[
        "textures/items/sulfurkix_0.png"
      ]
    },
    "nitroglycerin":{
      "textures":[
        "textures/items/nitroglycerin_0.png"
      ]
    },
    "glycerin":{
      "textures":[
        "textures/items/glycerin_0.png"
      ]
    },
    "spich":{
      "textures":[
        "textures/items/spich_0.png"
      ]
    },
    "zazh":{
      "textures":[
        "textures/items/zazh_0.png"
      ]
    },
    "benzin":{
      "textures":[
        "textures/items/benzin_0.png"
      ]
    },
    "steelingot":{
      "textures":[
        "textures/items/steelingot_0.png"
      ]
    },
    "steelaxef":{
      "textures":[
        "textures/items/steelaxef_0.png"
      ]
    },
    "steelhoef":{
      "textures":[
        "textures/items/steelhoef_0.png"
      ]
    },
    "steelpickaxef":{
      "textures":[
        "textures/items/steelpickaxef_0.png"
      ]
    },
    "steelshovelf":{
      "textures":[
        "textures/items/steelshovelf_0.png"
      ]
    },
    "steelswordf":{
      "textures":[
        "textures/items/steelswordf_0.png"
      ]
    },
    "steelaxe":{
      "textures":[
        "textures/items/steelaxe_0.png"
      ]
    },
    "steelhoe":{
      "textures":[
        "textures/items/steelhoe_0.png"
      ]
    },
    "steelpickaxe":{
      "textures":[
        "textures/items/steelpickaxe_0.png"
      ]
    },
    "steelshovel":{
      "textures":[
        "textures/items/steelshovel_0.png"
      ]
    },
    "steelsword":{
      "textures":[
        "textures/items/steelsword_0.png"
      ]
    },
    "steelplate":{
      "textures":[
        "textures/items/steelplate_0.png"
      ]
    },
    "steelhelmet":{
      "textures":[
        "textures/items/steelhelmet_0.png"
      ]
    },
    "steelchestplate":{
      "textures":[
        "textures/items/steelchestplate_0.png"
      ]
    },
    "steelleggings":{
      "textures":[
        "textures/items/steelleggings_0.png"
      ]
    },
    "steelboots":{
      "textures":[
        "textures/items/steelboots_0.png"
      ]
    }
  }
}